#
# There is insufficient memory for the Java Runtime Environment to continue.
# Native memory allocation (mmap) failed to map 39845888 bytes. Error detail: G1 virtual space
# Possible reasons:
#   The system is out of physical RAM or swap space
#   This process is running with CompressedOops enabled, and the Java Heap may be blocking the growth of the native heap
# Possible solutions:
#   Reduce memory load on the system
#   Increase physical memory or swap space
#   Check if swap backing store is full
#   Decrease Java heap size (-Xmx/-Xms)
#   Decrease number of Java threads
#   Decrease Java thread stack sizes (-Xss)
#   Set larger code cache with -XX:ReservedCodeCacheSize=
#   JVM is running with Unscaled Compressed Oops mode in which the Java heap is
#     placed in the first 4GB address space. The Java Heap base address is the
#     maximum limit for the native heap growth. Please use -XX:HeapBaseMinAddress
#     to set the Java Heap base and to place the Java Heap above 4GB virtual address.
# This output file may be truncated or incomplete.
#
#  Out of Memory Error (os_windows.cpp:3564), pid=23236, tid=22716
#
# JRE version: Java(TM) SE Runtime Environment (24.0.1+9) (build 24.0.1+9-30)
# Java VM: Java HotSpot(TM) 64-Bit Server VM (24.0.1+9-30, mixed mode, emulated-client, sharing, tiered, compressed oops, compressed class ptrs, g1 gc, windows-amd64)
# No core dump will be written. Minidumps are not enabled by default on client versions of Windows
#

---------------  S U M M A R Y ------------

Command Line: -XX:TieredStopAtLevel=1 com.prjt2cs.project.ForageApplication

Host: 11th Gen Intel(R) Core(TM) i7-1165G7 @ 2.80GHz, 8 cores, 7G,  Windows 11 , 64 bit Build 22621 (10.0.22621.5262)
Time: Mon Jun 16 14:34:41 2025 Afr. centrale Ouest elapsed time: 3736.353053 seconds (0d 1h 2m 16s)

---------------  T H R E A D  ---------------

Current thread (0x00000211aee50d90):  VMThread "VM Thread"          [id=22716, stack(0x000000c3f0300000,0x000000c3f0400000) (1024K)]

Stack: [0x000000c3f0300000,0x000000c3f0400000]
Native frames: (J=compiled Java code, j=interpreted, Vv=VM code, C=native code)
V  [jvm.dll+0x730739]  (no source info available)
V  [jvm.dll+0x8d9b23]  (no source info available)
V  [jvm.dll+0x8dc00d]  (no source info available)
V  [jvm.dll+0x8dc683]  (no source info available)
V  [jvm.dll+0x2aa086]  (no source info available)
V  [jvm.dll+0x72cc65]  (no source info available)
V  [jvm.dll+0x72059a]  (no source info available)
V  [jvm.dll+0x390cea]  (no source info available)
V  [jvm.dll+0x3989f6]  (no source info available)
V  [jvm.dll+0x38523e]  (no source info available)
V  [jvm.dll+0x3854f8]  (no source info available)
V  [jvm.dll+0x35d0cc]  (no source info available)
V  [jvm.dll+0x35d15a]  (no source info available)
V  [jvm.dll+0x3aa702]  (no source info available)
V  [jvm.dll+0x3a8d82]  (no source info available)
V  [jvm.dll+0x35c897]  (no source info available)
V  [jvm.dll+0x3a8534]  (no source info available)
V  [jvm.dll+0x8e2742]  (no source info available)
V  [jvm.dll+0x8e3a8c]  (no source info available)
V  [jvm.dll+0x8e3ff8]  (no source info available)
V  [jvm.dll+0x8e4293]  (no source info available)
V  [jvm.dll+0x87d76b]  (no source info available)
V  [jvm.dll+0x72ee55]  (no source info available)
C  [ucrtbase.dll+0x29333]  (no source info available)
C  [KERNEL32.DLL+0x1259d]  (no source info available)
C  [ntdll.dll+0x5af58]  (no source info available)

VM_Operation (0x000000c3f29fafd0): G1CollectForAllocation, mode: safepoint, requested by thread 0x00000211fd4651f0


---------------  P R O C E S S  ---------------

Threads class SMR info:
_java_thread_list=0x00000211fcd3b540, length=31, elements={
0x00000211af1a42a0, 0x00000211af1a7f60, 0x00000211af1a8bc0, 0x00000211af1a9a40,
0x00000211af1b28d0, 0x00000211af1b52f0, 0x00000211af1bccf0, 0x00000211af1b3d00,
0x00000211af1b4450, 0x00000211f58fd050, 0x00000211f5900380, 0x00000211f58fb310,
0x00000211f58fba60, 0x00000211f7061580, 0x00000211fd00dc50, 0x00000211fcc0c500,
0x00000211fcc0a070, 0x00000211fcc0af10, 0x00000211af937660, 0x00000211af937db0,
0x00000211af9393a0, 0x00000211fcfdb550, 0x00000211fcfd9f60, 0x00000211fcfda6b0,
0x00000211fcfdae00, 0x00000211fd4651f0, 0x00000211fd4667e0, 0x00000211fd464aa0,
0x00000211fd466f30, 0x00000211fd465940, 0x00000211fd466090
}

Java Threads: ( => current thread )
  0x00000211af1a42a0 JavaThread "Reference Handler"          daemon [_thread_blocked, id=21668, stack(0x000000c3f0400000,0x000000c3f0500000) (1024K)]
  0x00000211af1a7f60 JavaThread "Finalizer"                  daemon [_thread_blocked, id=25172, stack(0x000000c3f0500000,0x000000c3f0600000) (1024K)]
  0x00000211af1a8bc0 JavaThread "Signal Dispatcher"          daemon [_thread_blocked, id=25504, stack(0x000000c3f0600000,0x000000c3f0700000) (1024K)]
  0x00000211af1a9a40 JavaThread "Attach Listener"            daemon [_thread_blocked, id=23208, stack(0x000000c3f0700000,0x000000c3f0800000) (1024K)]
  0x00000211af1b28d0 JavaThread "Service Thread"             daemon [_thread_blocked, id=23880, stack(0x000000c3f0800000,0x000000c3f0900000) (1024K)]
  0x00000211af1b52f0 JavaThread "Monitor Deflation Thread"   daemon [_thread_blocked, id=28456, stack(0x000000c3f0900000,0x000000c3f0a00000) (1024K)]
  0x00000211af1bccf0 JavaThread "C1 CompilerThread0"         daemon [_thread_blocked, id=18504, stack(0x000000c3f0a00000,0x000000c3f0b00000) (1024K)]
  0x00000211af1b3d00 JavaThread "Notification Thread"        daemon [_thread_blocked, id=11884, stack(0x000000c3f0b00000,0x000000c3f0c00000) (1024K)]
  0x00000211af1b4450 JavaThread "Common-Cleaner"             daemon [_thread_blocked, id=23876, stack(0x000000c3f0c00000,0x000000c3f0d00000) (1024K)]
  0x00000211f58fd050 JavaThread "oracle.jdbc.diagnostics.Diagnostic.CLOCK" daemon [_thread_blocked, id=14012, stack(0x000000c3f1d00000,0x000000c3f1e00000) (1024K)]
  0x00000211f5900380 JavaThread "oracle.jdbc.driver.BlockSource.ThreadedCachingBlockSource.BlockReleaser" daemon [_thread_blocked, id=13620, stack(0x000000c3f1e00000,0x000000c3f1f00000) (1024K)]
  0x00000211f58fb310 JavaThread "InterruptTimer"             daemon [_thread_blocked, id=4544, stack(0x000000c3f2000000,0x000000c3f2100000) (1024K)]
  0x00000211f58fba60 JavaThread "Live Reload Server"         daemon [_thread_in_native, id=21320, stack(0x000000c3f2600000,0x000000c3f2700000) (1024K)]
  0x00000211f7061580 JavaThread "DestroyJavaVM"                     [_thread_blocked, id=27232, stack(0x000000c3efc00000,0x000000c3efd00000) (1024K)]
  0x00000211fd00dc50 JavaThread "Catalina-utility-1"                [_thread_blocked, id=3980, stack(0x000000c3f1000000,0x000000c3f1100000) (1024K)]
  0x00000211fcc0c500 JavaThread "Catalina-utility-2"                [_thread_blocked, id=17276, stack(0x000000c3f1100000,0x000000c3f1200000) (1024K)]
  0x00000211fcc0a070 JavaThread "container-0"                       [_thread_blocked, id=13024, stack(0x000000c3f1a00000,0x000000c3f1b00000) (1024K)]
  0x00000211fcc0af10 JavaThread "HikariPool-4 housekeeper"   daemon [_thread_blocked, id=1460, stack(0x000000c3f1c00000,0x000000c3f1d00000) (1024K)]
  0x00000211af937660 JavaThread "File Watcher"               daemon [_thread_blocked, id=9792, stack(0x000000c3f2100000,0x000000c3f2200000) (1024K)]
  0x00000211af937db0 JavaThread "http-nio-8098-exec-1"       daemon [_thread_blocked, id=19840, stack(0x000000c3f2200000,0x000000c3f2300000) (1024K)]
  0x00000211af9393a0 JavaThread "http-nio-8098-exec-2"       daemon [_thread_blocked, id=2940, stack(0x000000c3f2300000,0x000000c3f2400000) (1024K)]
  0x00000211fcfdb550 JavaThread "http-nio-8098-exec-3"       daemon [_thread_blocked, id=24644, stack(0x000000c3f2400000,0x000000c3f2500000) (1024K)]
  0x00000211fcfd9f60 JavaThread "http-nio-8098-exec-4"       daemon [_thread_blocked, id=10692, stack(0x000000c3f2500000,0x000000c3f2600000) (1024K)]
  0x00000211fcfda6b0 JavaThread "http-nio-8098-exec-5"       daemon [_thread_blocked, id=6624, stack(0x000000c3f2700000,0x000000c3f2800000) (1024K)]
  0x00000211fcfdae00 JavaThread "http-nio-8098-exec-6"       daemon [_thread_blocked, id=25760, stack(0x000000c3f2800000,0x000000c3f2900000) (1024K)]
  0x00000211fd4651f0 JavaThread "http-nio-8098-exec-7"       daemon [_thread_blocked, id=160, stack(0x000000c3f2900000,0x000000c3f2a00000) (1024K)]
  0x00000211fd4667e0 JavaThread "http-nio-8098-exec-8"       daemon [_thread_blocked, id=21740, stack(0x000000c3f2a00000,0x000000c3f2b00000) (1024K)]
  0x00000211fd464aa0 JavaThread "http-nio-8098-exec-9"       daemon [_thread_blocked, id=25240, stack(0x000000c3f2b00000,0x000000c3f2c00000) (1024K)]
  0x00000211fd466f30 JavaThread "http-nio-8098-exec-10"      daemon [_thread_blocked, id=11052, stack(0x000000c3f2c00000,0x000000c3f2d00000) (1024K)]
  0x00000211fd465940 JavaThread "http-nio-8098-Poller"       daemon [_thread_in_native, id=15188, stack(0x000000c3f2d00000,0x000000c3f2e00000) (1024K)]
  0x00000211fd466090 JavaThread "http-nio-8098-Acceptor"     daemon [_thread_in_native, id=12992, stack(0x000000c3f2e00000,0x000000c3f2f00000) (1024K)]
Total: 31

Other Threads:
=>0x00000211aee50d90 VMThread "VM Thread"                           [id=22716, stack(0x000000c3f0300000,0x000000c3f0400000) (1024K)]
  0x00000211aee41060 WatcherThread "VM Periodic Task Thread"        [id=15080, stack(0x000000c3f0200000,0x000000c3f0300000) (1024K)]
  0x000002119e64f610 WorkerThread "GC Thread#0"                     [id=232, stack(0x000000c3efd00000,0x000000c3efe00000) (1024K)]
  0x00000211f51fa3a0 WorkerThread "GC Thread#1"                     [id=1632, stack(0x000000c3f1300000,0x000000c3f1400000) (1024K)]
  0x00000211f52142b0 WorkerThread "GC Thread#2"                     [id=1952, stack(0x000000c3f1400000,0x000000c3f1500000) (1024K)]
  0x00000211f5214660 WorkerThread "GC Thread#3"                     [id=6504, stack(0x000000c3f1500000,0x000000c3f1600000) (1024K)]
  0x00000211f5215220 WorkerThread "GC Thread#4"                     [id=20148, stack(0x000000c3f1600000,0x000000c3f1700000) (1024K)]
  0x00000211f51e1f50 WorkerThread "GC Thread#5"                     [id=20968, stack(0x000000c3f1700000,0x000000c3f1800000) (1024K)]
  0x00000211f51e4310 WorkerThread "GC Thread#6"                     [id=23080, stack(0x000000c3f1800000,0x000000c3f1900000) (1024K)]
  0x00000211f51e46c0 WorkerThread "GC Thread#7"                     [id=22484, stack(0x000000c3f1900000,0x000000c3f1a00000) (1024K)]
  0x000002119e664cc0 ConcurrentGCThread "G1 Main Marker"            [id=23172, stack(0x000000c3efe00000,0x000000c3eff00000) (1024K)]
  0x000002119e666160 WorkerThread "G1 Conc#0"                       [id=15116, stack(0x000000c3eff00000,0x000000c3f0000000) (1024K)]
  0x00000211f52b9060 WorkerThread "G1 Conc#1"                       [id=21516, stack(0x000000c3f1200000,0x000000c3f1300000) (1024K)]
  0x000002119e69e700 ConcurrentGCThread "G1 Refine#0"               [id=17264, stack(0x000000c3f0000000,0x000000c3f0100000) (1024K)]
  0x00000211aecf93e0 ConcurrentGCThread "G1 Service"                [id=8860, stack(0x000000c3f0100000,0x000000c3f0200000) (1024K)]
Total: 15

Threads with active compile tasks:
Total: 0

VM state: at safepoint (normal execution)

VM Mutex/Monitor currently owned by a thread:  ([mutex/lock_event])
[0x00007ffb39a044b0] Threads_lock - owner thread: 0x00000211aee50d90
[0x00007ffb39a045b0] Heap_lock - owner thread: 0x00000211fd4651f0

Heap address: 0x0000000083e00000, size: 1986 MB, Compressed Oops mode: 32-bit

CDS archive(s) mapped at: [0x00000211b0000000-0x00000211b0d40000-0x00000211b0d40000), size 13893632, SharedBaseAddress: 0x00000211b0000000, ArchiveRelocationMode: 1.
Compressed class space mapped at: 0x00000211b1000000-0x00000211f1000000, reserved size: 1073741824
UseCompressedClassPointers 1, UseCompactObjectHeaders 0
Narrow klass pointer bits 32, Max shift 3
Narrow klass base: 0x00000211b0000000, Narrow klass shift: 0
Encoding Range: [0x00000211b0000000 - 0x00000212b0000000), (4294967296 bytes)
Klass Range:    [0x00000211b0000000 - 0x00000211f1000000), (1090519040 bytes)
Klass ID Range:  [8 - 1090519033) (1090519025)

GC Precious Log:
 CardTable entry size: 512
 Card Set container configuration: InlinePtr #cards 5 size 8 Array Of Cards #cards 10 size 36 Howl #buckets 4 coarsen threshold 1843 Howl Bitmap #cards 512 size 80 coarsen threshold 460 Card regions per heap region 1 cards per card region 2048
 CPUs: 8 total, 8 available
 Memory: 7937M
 Large Page Support: Disabled
 NUMA Support: Disabled
 Compressed Oops: Enabled (32-bit)
 Heap Region Size: 1M
 Heap Min Capacity: 8M
 Heap Initial Capacity: 126M
 Heap Max Capacity: 1986M
 Pre-touch: Disabled
 Parallel Workers: 8
 Concurrent Workers: 2
 Concurrent Refinement Workers: 8
 Periodic GC: Disabled

Heap:
 garbage-first heap   total reserved 2033664K, committed 687104K, used 361981K [0x0000000083e00000, 0x0000000100000000)
  region size 1024K, 20 young (20480K), 20 survivors (20480K)
 Metaspace       used 97147K, committed 98560K, reserved 1179648K
  class space    used 11832K, committed 12352K, reserved 1048576K

Heap Regions: E=young(eden), S=young(survivor), O=old, HS=humongous(starts), HC=humongous(continues), CS=collection set, F=free, TAMS=top-at-mark-start, PB=parsable bottom
|   0|0x0000000083e00000, 0x0000000083f00000, 0x0000000083f00000|100%|HS|  |TAMS 0x0000000083e00000| PB 0x0000000083e00000| Complete |  0
|   1|0x0000000083f00000, 0x0000000084000000, 0x0000000084000000|100%|HS|  |TAMS 0x0000000083f00000| PB 0x0000000083f00000| Complete |  0
|   2|0x0000000084000000, 0x0000000084100000, 0x0000000084100000|100%| O|  |TAMS 0x0000000084000000| PB 0x0000000084000000| Untracked |  0
|   3|0x0000000084100000, 0x0000000084200000, 0x0000000084200000|100%| O|  |TAMS 0x0000000084100000| PB 0x0000000084100000| Untracked |  0
|   4|0x0000000084200000, 0x00000000842ffff8, 0x0000000084300000| 99%| O|  |TAMS 0x0000000084200000| PB 0x0000000084200000| Untracked |  0
|   5|0x0000000084300000, 0x0000000084400000, 0x0000000084400000|100%| O|  |TAMS 0x0000000084300000| PB 0x0000000084300000| Untracked |  0
|   6|0x0000000084400000, 0x00000000844fffd0, 0x0000000084500000| 99%| O|  |TAMS 0x0000000084400000| PB 0x0000000084400000| Untracked |  0
|   7|0x0000000084500000, 0x00000000845ff8d0, 0x0000000084600000| 99%| O|  |TAMS 0x0000000084500000| PB 0x0000000084500000| Untracked |  0
|   8|0x0000000084600000, 0x0000000084700000, 0x0000000084700000|100%| O|  |TAMS 0x0000000084600000| PB 0x0000000084600000| Untracked |  0
|   9|0x0000000084700000, 0x00000000847fffb0, 0x0000000084800000| 99%| O|  |TAMS 0x0000000084700000| PB 0x0000000084700000| Untracked |  0
|  10|0x0000000084800000, 0x0000000084900000, 0x0000000084900000|100%| O|  |TAMS 0x0000000084800000| PB 0x0000000084800000| Untracked |  0
|  11|0x0000000084900000, 0x0000000084a00000, 0x0000000084a00000|100%| O|  |TAMS 0x0000000084900000| PB 0x0000000084900000| Untracked |  0
|  12|0x0000000084a00000, 0x0000000084affff8, 0x0000000084b00000| 99%| O|  |TAMS 0x0000000084a00000| PB 0x0000000084a00000| Untracked |  0
|  13|0x0000000084b00000, 0x0000000084bffff8, 0x0000000084c00000| 99%| O|  |TAMS 0x0000000084b00000| PB 0x0000000084b00000| Untracked |  0
|  14|0x0000000084c00000, 0x0000000084cffff0, 0x0000000084d00000| 99%| O|  |TAMS 0x0000000084c00000| PB 0x0000000084c00000| Untracked |  0
|  15|0x0000000084d00000, 0x0000000084dffff8, 0x0000000084e00000| 99%| O|  |TAMS 0x0000000084d00000| PB 0x0000000084d00000| Untracked |  0
|  16|0x0000000084e00000, 0x0000000084efffc8, 0x0000000084f00000| 99%| O|  |TAMS 0x0000000084e00000| PB 0x0000000084e00000| Untracked |  0
|  17|0x0000000084f00000, 0x0000000084fffff0, 0x0000000085000000| 99%| O|  |TAMS 0x0000000084f00000| PB 0x0000000084f00000| Untracked |  0
|  18|0x0000000085000000, 0x00000000850fffc0, 0x0000000085100000| 99%| O|  |TAMS 0x0000000085000000| PB 0x0000000085000000| Untracked |  0
|  19|0x0000000085100000, 0x00000000851ffff0, 0x0000000085200000| 99%| O|  |TAMS 0x0000000085100000| PB 0x0000000085100000| Untracked |  0
|  20|0x0000000085200000, 0x0000000085300000, 0x0000000085300000|100%| O|  |TAMS 0x0000000085200000| PB 0x0000000085200000| Untracked |  0
|  21|0x0000000085300000, 0x0000000085400000, 0x0000000085400000|100%| O|  |TAMS 0x0000000085300000| PB 0x0000000085300000| Untracked |  0
|  22|0x0000000085400000, 0x0000000085500000, 0x0000000085500000|100%| O|  |TAMS 0x0000000085400000| PB 0x0000000085400000| Untracked |  0
|  23|0x0000000085500000, 0x00000000855ffff0, 0x0000000085600000| 99%| O|  |TAMS 0x0000000085500000| PB 0x0000000085500000| Untracked |  0
|  24|0x0000000085600000, 0x00000000856ffff0, 0x0000000085700000| 99%| O|  |TAMS 0x0000000085600000| PB 0x0000000085600000| Untracked |  0
|  25|0x0000000085700000, 0x0000000085800000, 0x0000000085800000|100%| O|  |TAMS 0x0000000085700000| PB 0x0000000085700000| Untracked |  0
|  26|0x0000000085800000, 0x00000000858fffd0, 0x0000000085900000| 99%| O|  |TAMS 0x0000000085800000| PB 0x0000000085800000| Untracked |  0
|  27|0x0000000085900000, 0x0000000085a00000, 0x0000000085a00000|100%| O|  |TAMS 0x0000000085900000| PB 0x0000000085900000| Untracked |  0
|  28|0x0000000085a00000, 0x0000000085affff0, 0x0000000085b00000| 99%| O|  |TAMS 0x0000000085a00000| PB 0x0000000085a00000| Untracked |  0
|  29|0x0000000085b00000, 0x0000000085bffff8, 0x0000000085c00000| 99%| O|  |TAMS 0x0000000085b00000| PB 0x0000000085b00000| Untracked |  0
|  30|0x0000000085c00000, 0x0000000085d00000, 0x0000000085d00000|100%| O|  |TAMS 0x0000000085c00000| PB 0x0000000085c00000| Untracked |  0
|  31|0x0000000085d00000, 0x0000000085e00000, 0x0000000085e00000|100%| O|  |TAMS 0x0000000085d00000| PB 0x0000000085d00000| Untracked |  0
|  32|0x0000000085e00000, 0x0000000085f00000, 0x0000000085f00000|100%| O|  |TAMS 0x0000000085e00000| PB 0x0000000085e00000| Untracked |  0
|  33|0x0000000085f00000, 0x0000000086000000, 0x0000000086000000|100%| O|  |TAMS 0x0000000085f00000| PB 0x0000000085f00000| Untracked |  0
|  34|0x0000000086000000, 0x0000000086000000, 0x0000000086100000|  0%| F|  |TAMS 0x0000000086000000| PB 0x0000000086000000| Untracked |  0
|  35|0x0000000086100000, 0x00000000861fffd8, 0x0000000086200000| 99%| O|  |TAMS 0x0000000086100000| PB 0x0000000086100000| Untracked |  0
|  36|0x0000000086200000, 0x0000000086300000, 0x0000000086300000|100%| O|  |TAMS 0x0000000086200000| PB 0x0000000086200000| Untracked |  0
|  37|0x0000000086300000, 0x0000000086400000, 0x0000000086400000|100%| O|  |TAMS 0x0000000086300000| PB 0x0000000086300000| Untracked |  0
|  38|0x0000000086400000, 0x0000000086500000, 0x0000000086500000|100%| O|  |TAMS 0x0000000086400000| PB 0x0000000086400000| Untracked |  0
|  39|0x0000000086500000, 0x0000000086600000, 0x0000000086600000|100%| O|  |TAMS 0x0000000086500000| PB 0x0000000086500000| Untracked |  0
|  40|0x0000000086600000, 0x0000000086700000, 0x0000000086700000|100%| O|  |TAMS 0x0000000086600000| PB 0x0000000086600000| Untracked |  0
|  41|0x0000000086700000, 0x0000000086800000, 0x0000000086800000|100%| O|  |TAMS 0x0000000086700000| PB 0x0000000086700000| Untracked |  0
|  42|0x0000000086800000, 0x0000000086800000, 0x0000000086900000|  0%| F|  |TAMS 0x0000000086800000| PB 0x0000000086800000| Untracked |  0
|  43|0x0000000086900000, 0x0000000086900000, 0x0000000086a00000|  0%| F|  |TAMS 0x0000000086900000| PB 0x0000000086900000| Untracked |  0
|  44|0x0000000086a00000, 0x0000000086b00000, 0x0000000086b00000|100%| O|  |TAMS 0x0000000086a00000| PB 0x0000000086a00000| Untracked |  0
|  45|0x0000000086b00000, 0x0000000086c00000, 0x0000000086c00000|100%| O|  |TAMS 0x0000000086b00000| PB 0x0000000086b00000| Untracked |  0
|  46|0x0000000086c00000, 0x0000000086d00000, 0x0000000086d00000|100%| O|  |TAMS 0x0000000086c00000| PB 0x0000000086c00000| Untracked |  0
|  47|0x0000000086d00000, 0x0000000086e00000, 0x0000000086e00000|100%| O|  |TAMS 0x0000000086d00000| PB 0x0000000086d00000| Untracked |  0
|  48|0x0000000086e00000, 0x0000000086f00000, 0x0000000086f00000|100%| O|  |TAMS 0x0000000086e00000| PB 0x0000000086e00000| Untracked |  0
|  49|0x0000000086f00000, 0x0000000087000000, 0x0000000087000000|100%| O|  |TAMS 0x0000000086f00000| PB 0x0000000086f00000| Untracked |  0
|  50|0x0000000087000000, 0x0000000087100000, 0x0000000087100000|100%| O|  |TAMS 0x0000000087000000| PB 0x0000000087000000| Untracked |  0
|  51|0x0000000087100000, 0x0000000087200000, 0x0000000087200000|100%| O|  |TAMS 0x0000000087100000| PB 0x0000000087100000| Untracked |  0
|  52|0x0000000087200000, 0x0000000087300000, 0x0000000087300000|100%| O|  |TAMS 0x0000000087200000| PB 0x0000000087200000| Untracked |  0
|  53|0x0000000087300000, 0x0000000087400000, 0x0000000087400000|100%| O|  |TAMS 0x0000000087300000| PB 0x0000000087300000| Untracked |  0
|  54|0x0000000087400000, 0x0000000087500000, 0x0000000087500000|100%| O|  |TAMS 0x0000000087400000| PB 0x0000000087400000| Untracked |  0
|  55|0x0000000087500000, 0x0000000087600000, 0x0000000087600000|100%| O|  |TAMS 0x0000000087500000| PB 0x0000000087500000| Untracked |  0
|  56|0x0000000087600000, 0x0000000087700000, 0x0000000087700000|100%| O|  |TAMS 0x0000000087600000| PB 0x0000000087600000| Untracked |  0
|  57|0x0000000087700000, 0x0000000087800000, 0x0000000087800000|100%| O|  |TAMS 0x0000000087700000| PB 0x0000000087700000| Untracked |  0
|  58|0x0000000087800000, 0x0000000087900000, 0x0000000087900000|100%| O|  |TAMS 0x0000000087800000| PB 0x0000000087800000| Untracked |  0
|  59|0x0000000087900000, 0x0000000087a00000, 0x0000000087a00000|100%| O|  |TAMS 0x0000000087900000| PB 0x0000000087900000| Untracked |  0
|  60|0x0000000087a00000, 0x0000000087b00000, 0x0000000087b00000|100%| O|  |TAMS 0x0000000087a00000| PB 0x0000000087a00000| Untracked |  0
|  61|0x0000000087b00000, 0x0000000087c00000, 0x0000000087c00000|100%| O|  |TAMS 0x0000000087b00000| PB 0x0000000087b00000| Untracked |  0
|  62|0x0000000087c00000, 0x0000000087d00000, 0x0000000087d00000|100%| O|  |TAMS 0x0000000087c00000| PB 0x0000000087c00000| Untracked |  0
|  63|0x0000000087d00000, 0x0000000087e00000, 0x0000000087e00000|100%| O|  |TAMS 0x0000000087d00000| PB 0x0000000087d00000| Untracked |  0
|  64|0x0000000087e00000, 0x0000000087f00000, 0x0000000087f00000|100%| O|  |TAMS 0x0000000087e00000| PB 0x0000000087e00000| Untracked |  0
|  65|0x0000000087f00000, 0x0000000087f00000, 0x0000000088000000|  0%| F|  |TAMS 0x0000000087f00000| PB 0x0000000087f00000| Untracked |  0
|  66|0x0000000088000000, 0x0000000088100000, 0x0000000088100000|100%| O|  |TAMS 0x0000000088000000| PB 0x0000000088000000| Untracked |  0
|  67|0x0000000088100000, 0x0000000088200000, 0x0000000088200000|100%| O|  |TAMS 0x0000000088100000| PB 0x0000000088100000| Untracked |  0
|  68|0x0000000088200000, 0x0000000088300000, 0x0000000088300000|100%| O|  |TAMS 0x0000000088200000| PB 0x0000000088200000| Untracked |  0
|  69|0x0000000088300000, 0x0000000088400000, 0x0000000088400000|100%| O|  |TAMS 0x0000000088300000| PB 0x0000000088300000| Untracked |  0
|  70|0x0000000088400000, 0x0000000088500000, 0x0000000088500000|100%| O|  |TAMS 0x0000000088400000| PB 0x0000000088400000| Untracked |  0
|  71|0x0000000088500000, 0x0000000088600000, 0x0000000088600000|100%| O|  |TAMS 0x0000000088500000| PB 0x0000000088500000| Untracked |  0
|  72|0x0000000088600000, 0x0000000088700000, 0x0000000088700000|100%| O|  |TAMS 0x0000000088600000| PB 0x0000000088600000| Untracked |  0
|  73|0x0000000088700000, 0x0000000088800000, 0x0000000088800000|100%| O|  |TAMS 0x0000000088700000| PB 0x0000000088700000| Untracked |  0
|  74|0x0000000088800000, 0x0000000088900000, 0x0000000088900000|100%| O|  |TAMS 0x0000000088800000| PB 0x0000000088800000| Untracked |  0
|  75|0x0000000088900000, 0x0000000088a00000, 0x0000000088a00000|100%| O|  |TAMS 0x0000000088900000| PB 0x0000000088900000| Untracked |  0
|  76|0x0000000088a00000, 0x0000000088b00000, 0x0000000088b00000|100%| O|  |TAMS 0x0000000088a00000| PB 0x0000000088a00000| Untracked |  0
|  77|0x0000000088b00000, 0x0000000088c00000, 0x0000000088c00000|100%| O|  |TAMS 0x0000000088b00000| PB 0x0000000088b00000| Untracked |  0
|  78|0x0000000088c00000, 0x0000000088d00000, 0x0000000088d00000|100%| O|  |TAMS 0x0000000088c00000| PB 0x0000000088c00000| Untracked |  0
|  79|0x0000000088d00000, 0x0000000088e00000, 0x0000000088e00000|100%| O|  |TAMS 0x0000000088d00000| PB 0x0000000088d00000| Untracked |  0
|  80|0x0000000088e00000, 0x0000000088f00000, 0x0000000088f00000|100%| O|  |TAMS 0x0000000088e00000| PB 0x0000000088e00000| Untracked |  0
|  81|0x0000000088f00000, 0x0000000089000000, 0x0000000089000000|100%| O|  |TAMS 0x0000000088f00000| PB 0x0000000088f00000| Untracked |  0
|  82|0x0000000089000000, 0x0000000089100000, 0x0000000089100000|100%| O|  |TAMS 0x0000000089000000| PB 0x0000000089000000| Untracked |  0
|  83|0x0000000089100000, 0x0000000089200000, 0x0000000089200000|100%| O|  |TAMS 0x0000000089100000| PB 0x0000000089100000| Untracked |  0
|  84|0x0000000089200000, 0x0000000089300000, 0x0000000089300000|100%| O|  |TAMS 0x0000000089200000| PB 0x0000000089200000| Untracked |  0
|  85|0x0000000089300000, 0x0000000089400000, 0x0000000089400000|100%| O|  |TAMS 0x0000000089300000| PB 0x0000000089300000| Untracked |  0
|  86|0x0000000089400000, 0x0000000089500000, 0x0000000089500000|100%| O|  |TAMS 0x0000000089400000| PB 0x0000000089400000| Untracked |  0
|  87|0x0000000089500000, 0x0000000089600000, 0x0000000089600000|100%| O|  |TAMS 0x0000000089500000| PB 0x0000000089500000| Untracked |  0
|  88|0x0000000089600000, 0x0000000089700000, 0x0000000089700000|100%| O|  |TAMS 0x0000000089600000| PB 0x0000000089600000| Untracked |  0
|  89|0x0000000089700000, 0x0000000089800000, 0x0000000089800000|100%| O|  |TAMS 0x0000000089700000| PB 0x0000000089700000| Untracked |  0
|  90|0x0000000089800000, 0x0000000089900000, 0x0000000089900000|100%| O|  |TAMS 0x0000000089800000| PB 0x0000000089800000| Untracked |  0
|  91|0x0000000089900000, 0x0000000089a00000, 0x0000000089a00000|100%| O|  |TAMS 0x0000000089900000| PB 0x0000000089900000| Untracked |  0
|  92|0x0000000089a00000, 0x0000000089b00000, 0x0000000089b00000|100%| O|  |TAMS 0x0000000089a00000| PB 0x0000000089a00000| Untracked |  0
|  93|0x0000000089b00000, 0x0000000089c00000, 0x0000000089c00000|100%| O|  |TAMS 0x0000000089b00000| PB 0x0000000089b00000| Untracked |  0
|  94|0x0000000089c00000, 0x0000000089d00000, 0x0000000089d00000|100%| O|  |TAMS 0x0000000089c00000| PB 0x0000000089c00000| Untracked |  0
|  95|0x0000000089d00000, 0x0000000089e00000, 0x0000000089e00000|100%| O|  |TAMS 0x0000000089d00000| PB 0x0000000089d00000| Untracked |  0
|  96|0x0000000089e00000, 0x0000000089f00000, 0x0000000089f00000|100%| O|  |TAMS 0x0000000089e00000| PB 0x0000000089e00000| Untracked |  0
|  97|0x0000000089f00000, 0x000000008a000000, 0x000000008a000000|100%| O|  |TAMS 0x0000000089f00000| PB 0x0000000089f00000| Untracked |  0
|  98|0x000000008a000000, 0x000000008a100000, 0x000000008a100000|100%| O|  |TAMS 0x000000008a000000| PB 0x000000008a000000| Untracked |  0
|  99|0x000000008a100000, 0x000000008a200000, 0x000000008a200000|100%| O|  |TAMS 0x000000008a100000| PB 0x000000008a100000| Untracked |  0
| 100|0x000000008a200000, 0x000000008a300000, 0x000000008a300000|100%| O|  |TAMS 0x000000008a200000| PB 0x000000008a200000| Untracked |  0
| 101|0x000000008a300000, 0x000000008a400000, 0x000000008a400000|100%| O|  |TAMS 0x000000008a300000| PB 0x000000008a300000| Untracked |  0
| 102|0x000000008a400000, 0x000000008a500000, 0x000000008a500000|100%| O|  |TAMS 0x000000008a400000| PB 0x000000008a400000| Untracked |  0
| 103|0x000000008a500000, 0x000000008a600000, 0x000000008a600000|100%| O|  |TAMS 0x000000008a500000| PB 0x000000008a500000| Untracked |  0
| 104|0x000000008a600000, 0x000000008a700000, 0x000000008a700000|100%| O|  |TAMS 0x000000008a600000| PB 0x000000008a600000| Untracked |  0
| 105|0x000000008a700000, 0x000000008a800000, 0x000000008a800000|100%| O|  |TAMS 0x000000008a700000| PB 0x000000008a700000| Untracked |  0
| 106|0x000000008a800000, 0x000000008a900000, 0x000000008a900000|100%| O|  |TAMS 0x000000008a800000| PB 0x000000008a800000| Untracked |  0
| 107|0x000000008a900000, 0x000000008aa00000, 0x000000008aa00000|100%| O|  |TAMS 0x000000008a900000| PB 0x000000008a900000| Untracked |  0
| 108|0x000000008aa00000, 0x000000008ab00000, 0x000000008ab00000|100%| O|  |TAMS 0x000000008aa00000| PB 0x000000008aa00000| Untracked |  0
| 109|0x000000008ab00000, 0x000000008ac00000, 0x000000008ac00000|100%| O|  |TAMS 0x000000008ab00000| PB 0x000000008ab00000| Untracked |  0
| 110|0x000000008ac00000, 0x000000008ad00000, 0x000000008ad00000|100%| O|  |TAMS 0x000000008ac00000| PB 0x000000008ac00000| Untracked |  0
| 111|0x000000008ad00000, 0x000000008ae00000, 0x000000008ae00000|100%| O|  |TAMS 0x000000008ad00000| PB 0x000000008ad00000| Untracked |  0
| 112|0x000000008ae00000, 0x000000008af00000, 0x000000008af00000|100%| O|  |TAMS 0x000000008ae00000| PB 0x000000008ae00000| Untracked |  0
| 113|0x000000008af00000, 0x000000008b000000, 0x000000008b000000|100%| O|  |TAMS 0x000000008af00000| PB 0x000000008af00000| Untracked |  0
| 114|0x000000008b000000, 0x000000008b100000, 0x000000008b100000|100%| O|  |TAMS 0x000000008b000000| PB 0x000000008b000000| Untracked |  0
| 115|0x000000008b100000, 0x000000008b200000, 0x000000008b200000|100%| O|  |TAMS 0x000000008b100000| PB 0x000000008b100000| Untracked |  0
| 116|0x000000008b200000, 0x000000008b300000, 0x000000008b300000|100%| O|  |TAMS 0x000000008b200000| PB 0x000000008b200000| Untracked |  0
| 117|0x000000008b300000, 0x000000008b400000, 0x000000008b400000|100%| O|  |TAMS 0x000000008b300000| PB 0x000000008b300000| Untracked |  0
| 118|0x000000008b400000, 0x000000008b500000, 0x000000008b500000|100%| O|  |TAMS 0x000000008b400000| PB 0x000000008b400000| Untracked |  0
| 119|0x000000008b500000, 0x000000008b600000, 0x000000008b600000|100%| O|  |TAMS 0x000000008b500000| PB 0x000000008b500000| Untracked |  0
| 120|0x000000008b600000, 0x000000008b700000, 0x000000008b700000|100%| O|  |TAMS 0x000000008b600000| PB 0x000000008b600000| Untracked |  0
| 121|0x000000008b700000, 0x000000008b800000, 0x000000008b800000|100%| O|  |TAMS 0x000000008b700000| PB 0x000000008b700000| Untracked |  0
| 122|0x000000008b800000, 0x000000008b900000, 0x000000008b900000|100%| O|  |TAMS 0x000000008b800000| PB 0x000000008b800000| Untracked |  0
| 123|0x000000008b900000, 0x000000008ba00000, 0x000000008ba00000|100%| O|  |TAMS 0x000000008b900000| PB 0x000000008b900000| Untracked |  0
| 124|0x000000008ba00000, 0x000000008bb00000, 0x000000008bb00000|100%| O|  |TAMS 0x000000008ba00000| PB 0x000000008ba00000| Untracked |  0
| 125|0x000000008bb00000, 0x000000008bc00000, 0x000000008bc00000|100%| O|  |TAMS 0x000000008bb00000| PB 0x000000008bb00000| Untracked |  0
| 126|0x000000008bc00000, 0x000000008bd00000, 0x000000008bd00000|100%| O|  |TAMS 0x000000008bc00000| PB 0x000000008bc00000| Untracked |  0
| 127|0x000000008bd00000, 0x000000008be00000, 0x000000008be00000|100%| O|  |TAMS 0x000000008bd00000| PB 0x000000008bd00000| Untracked |  0
| 128|0x000000008be00000, 0x000000008bf00000, 0x000000008bf00000|100%| O|  |TAMS 0x000000008be00000| PB 0x000000008be00000| Untracked |  0
| 129|0x000000008bf00000, 0x000000008c000000, 0x000000008c000000|100%| O|  |TAMS 0x000000008bf00000| PB 0x000000008bf00000| Untracked |  0
| 130|0x000000008c000000, 0x000000008c100000, 0x000000008c100000|100%| O|  |TAMS 0x000000008c000000| PB 0x000000008c000000| Untracked |  0
| 131|0x000000008c100000, 0x000000008c200000, 0x000000008c200000|100%| O|  |TAMS 0x000000008c100000| PB 0x000000008c100000| Untracked |  0
| 132|0x000000008c200000, 0x000000008c300000, 0x000000008c300000|100%| O|  |TAMS 0x000000008c200000| PB 0x000000008c200000| Untracked |  0
| 133|0x000000008c300000, 0x000000008c400000, 0x000000008c400000|100%| O|  |TAMS 0x000000008c300000| PB 0x000000008c300000| Untracked |  0
| 134|0x000000008c400000, 0x000000008c500000, 0x000000008c500000|100%| O|  |TAMS 0x000000008c400000| PB 0x000000008c400000| Untracked |  0
| 135|0x000000008c500000, 0x000000008c600000, 0x000000008c600000|100%| O|  |TAMS 0x000000008c500000| PB 0x000000008c500000| Untracked |  0
| 136|0x000000008c600000, 0x000000008c700000, 0x000000008c700000|100%| O|  |TAMS 0x000000008c600000| PB 0x000000008c600000| Untracked |  0
| 137|0x000000008c700000, 0x000000008c800000, 0x000000008c800000|100%| O|  |TAMS 0x000000008c700000| PB 0x000000008c700000| Untracked |  0
| 138|0x000000008c800000, 0x000000008c900000, 0x000000008c900000|100%| O|  |TAMS 0x000000008c800000| PB 0x000000008c800000| Untracked |  0
| 139|0x000000008c900000, 0x000000008ca00000, 0x000000008ca00000|100%| O|  |TAMS 0x000000008c900000| PB 0x000000008c900000| Untracked |  0
| 140|0x000000008ca00000, 0x000000008ca00000, 0x000000008cb00000|  0%| F|  |TAMS 0x000000008ca00000| PB 0x000000008ca00000| Untracked |  0
| 141|0x000000008cb00000, 0x000000008cc00000, 0x000000008cc00000|100%| O|  |TAMS 0x000000008cb00000| PB 0x000000008cb00000| Untracked |  0
| 142|0x000000008cc00000, 0x000000008cd00000, 0x000000008cd00000|100%| O|  |TAMS 0x000000008cc00000| PB 0x000000008cc00000| Untracked |  0
| 143|0x000000008cd00000, 0x000000008ce00000, 0x000000008ce00000|100%| O|  |TAMS 0x000000008cd00000| PB 0x000000008cd00000| Untracked |  0
| 144|0x000000008ce00000, 0x000000008cf00000, 0x000000008cf00000|100%| O|  |TAMS 0x000000008ce00000| PB 0x000000008ce00000| Untracked |  0
| 145|0x000000008cf00000, 0x000000008d000000, 0x000000008d000000|100%| O|  |TAMS 0x000000008cf00000| PB 0x000000008cf00000| Untracked |  0
| 146|0x000000008d000000, 0x000000008d100000, 0x000000008d100000|100%| O|  |TAMS 0x000000008d000000| PB 0x000000008d000000| Untracked |  0
| 147|0x000000008d100000, 0x000000008d200000, 0x000000008d200000|100%| O|  |TAMS 0x000000008d100000| PB 0x000000008d100000| Untracked |  0
| 148|0x000000008d200000, 0x000000008d200000, 0x000000008d300000|  0%| F|  |TAMS 0x000000008d200000| PB 0x000000008d200000| Untracked |  0
| 149|0x000000008d300000, 0x000000008d300000, 0x000000008d400000|  0%| F|  |TAMS 0x000000008d300000| PB 0x000000008d300000| Untracked |  0
| 150|0x000000008d400000, 0x000000008d400000, 0x000000008d500000|  0%| F|  |TAMS 0x000000008d400000| PB 0x000000008d400000| Untracked |  0
| 151|0x000000008d500000, 0x000000008d500000, 0x000000008d600000|  0%| F|  |TAMS 0x000000008d500000| PB 0x000000008d500000| Untracked |  0
| 152|0x000000008d600000, 0x000000008d700000, 0x000000008d700000|100%| O|  |TAMS 0x000000008d600000| PB 0x000000008d600000| Untracked |  0
| 153|0x000000008d700000, 0x000000008d700000, 0x000000008d800000|  0%| F|  |TAMS 0x000000008d700000| PB 0x000000008d700000| Untracked |  0
| 154|0x000000008d800000, 0x000000008d900000, 0x000000008d900000|100%| O|  |TAMS 0x000000008d800000| PB 0x000000008d800000| Untracked |  0
| 155|0x000000008d900000, 0x000000008da00000, 0x000000008da00000|100%| O|  |TAMS 0x000000008d900000| PB 0x000000008d900000| Untracked |  0
| 156|0x000000008da00000, 0x000000008db00000, 0x000000008db00000|100%| O|  |TAMS 0x000000008da00000| PB 0x000000008da00000| Untracked |  0
| 157|0x000000008db00000, 0x000000008dc00000, 0x000000008dc00000|100%| O|  |TAMS 0x000000008db00000| PB 0x000000008db00000| Untracked |  0
| 158|0x000000008dc00000, 0x000000008dd00000, 0x000000008dd00000|100%| O|  |TAMS 0x000000008dc00000| PB 0x000000008dc00000| Untracked |  0
| 159|0x000000008dd00000, 0x000000008de00000, 0x000000008de00000|100%| O|  |TAMS 0x000000008dd00000| PB 0x000000008dd00000| Untracked |  0
| 160|0x000000008de00000, 0x000000008df00000, 0x000000008df00000|100%| O|  |TAMS 0x000000008de00000| PB 0x000000008de00000| Untracked |  0
| 161|0x000000008df00000, 0x000000008e000000, 0x000000008e000000|100%| O|  |TAMS 0x000000008df00000| PB 0x000000008df00000| Untracked |  0
| 162|0x000000008e000000, 0x000000008e100000, 0x000000008e100000|100%| O|  |TAMS 0x000000008e000000| PB 0x000000008e000000| Untracked |  0
| 163|0x000000008e100000, 0x000000008e200000, 0x000000008e200000|100%| O|  |TAMS 0x000000008e100000| PB 0x000000008e100000| Untracked |  0
| 164|0x000000008e200000, 0x000000008e200000, 0x000000008e300000|  0%| F|  |TAMS 0x000000008e200000| PB 0x000000008e200000| Untracked |  0
| 165|0x000000008e300000, 0x000000008e400000, 0x000000008e400000|100%| O|  |TAMS 0x000000008e300000| PB 0x000000008e300000| Untracked |  0
| 166|0x000000008e400000, 0x000000008e500000, 0x000000008e500000|100%| O|  |TAMS 0x000000008e400000| PB 0x000000008e400000| Untracked |  0
| 167|0x000000008e500000, 0x000000008e600000, 0x000000008e600000|100%| O|  |TAMS 0x000000008e500000| PB 0x000000008e500000| Untracked |  0
| 168|0x000000008e600000, 0x000000008e700000, 0x000000008e700000|100%| O|  |TAMS 0x000000008e600000| PB 0x000000008e600000| Untracked |  0
| 169|0x000000008e700000, 0x000000008e800000, 0x000000008e800000|100%| O|  |TAMS 0x000000008e700000| PB 0x000000008e700000| Untracked |  0
| 170|0x000000008e800000, 0x000000008e900000, 0x000000008e900000|100%| O|  |TAMS 0x000000008e800000| PB 0x000000008e800000| Untracked |  0
| 171|0x000000008e900000, 0x000000008ea00000, 0x000000008ea00000|100%| O|  |TAMS 0x000000008e900000| PB 0x000000008e900000| Untracked |  0
| 172|0x000000008ea00000, 0x000000008eb00000, 0x000000008eb00000|100%| O|  |TAMS 0x000000008ea00000| PB 0x000000008ea00000| Untracked |  0
| 173|0x000000008eb00000, 0x000000008ec00000, 0x000000008ec00000|100%| O|  |TAMS 0x000000008eb00000| PB 0x000000008eb00000| Untracked |  0
| 174|0x000000008ec00000, 0x000000008ed00000, 0x000000008ed00000|100%| O|  |TAMS 0x000000008ec00000| PB 0x000000008ec00000| Untracked |  0
| 175|0x000000008ed00000, 0x000000008ee00000, 0x000000008ee00000|100%| O|  |TAMS 0x000000008ed00000| PB 0x000000008ed00000| Untracked |  0
| 176|0x000000008ee00000, 0x000000008ef00000, 0x000000008ef00000|100%| O|  |TAMS 0x000000008ee00000| PB 0x000000008ee00000| Untracked |  0
| 177|0x000000008ef00000, 0x000000008f000000, 0x000000008f000000|100%| O|  |TAMS 0x000000008ef00000| PB 0x000000008ef00000| Untracked |  0
| 178|0x000000008f000000, 0x000000008f100000, 0x000000008f100000|100%| O|  |TAMS 0x000000008f000000| PB 0x000000008f000000| Untracked |  0
| 179|0x000000008f100000, 0x000000008f200000, 0x000000008f200000|100%| O|  |TAMS 0x000000008f100000| PB 0x000000008f100000| Untracked |  0
| 180|0x000000008f200000, 0x000000008f300000, 0x000000008f300000|100%| O|  |TAMS 0x000000008f200000| PB 0x000000008f200000| Untracked |  0
| 181|0x000000008f300000, 0x000000008f400000, 0x000000008f400000|100%| O|  |TAMS 0x000000008f300000| PB 0x000000008f300000| Untracked |  0
| 182|0x000000008f400000, 0x000000008f500000, 0x000000008f500000|100%| O|  |TAMS 0x000000008f400000| PB 0x000000008f400000| Untracked |  0
| 183|0x000000008f500000, 0x000000008f600000, 0x000000008f600000|100%| O|  |TAMS 0x000000008f500000| PB 0x000000008f500000| Untracked |  0
| 184|0x000000008f600000, 0x000000008f700000, 0x000000008f700000|100%| O|  |TAMS 0x000000008f600000| PB 0x000000008f600000| Untracked |  0
| 185|0x000000008f700000, 0x000000008f800000, 0x000000008f800000|100%| O|  |TAMS 0x000000008f700000| PB 0x000000008f700000| Untracked |  0
| 186|0x000000008f800000, 0x000000008f900000, 0x000000008f900000|100%| O|  |TAMS 0x000000008f800000| PB 0x000000008f800000| Untracked |  0
| 187|0x000000008f900000, 0x000000008fa00000, 0x000000008fa00000|100%| O|  |TAMS 0x000000008f900000| PB 0x000000008f900000| Untracked |  0
| 188|0x000000008fa00000, 0x000000008fb00000, 0x000000008fb00000|100%| O|  |TAMS 0x000000008fa00000| PB 0x000000008fa00000| Untracked |  0
| 189|0x000000008fb00000, 0x000000008fc00000, 0x000000008fc00000|100%| O|  |TAMS 0x000000008fb00000| PB 0x000000008fb00000| Untracked |  0
| 190|0x000000008fc00000, 0x000000008fd00000, 0x000000008fd00000|100%| O|  |TAMS 0x000000008fc00000| PB 0x000000008fc00000| Untracked |  0
| 191|0x000000008fd00000, 0x000000008fe00000, 0x000000008fe00000|100%| O|  |TAMS 0x000000008fd00000| PB 0x000000008fd00000| Untracked |  0
| 192|0x000000008fe00000, 0x000000008ff00000, 0x000000008ff00000|100%| O|  |TAMS 0x000000008fe00000| PB 0x000000008fe00000| Untracked |  0
| 193|0x000000008ff00000, 0x0000000090000000, 0x0000000090000000|100%| O|  |TAMS 0x000000008ff00000| PB 0x000000008ff00000| Untracked |  0
| 194|0x0000000090000000, 0x0000000090100000, 0x0000000090100000|100%| O|  |TAMS 0x0000000090000000| PB 0x0000000090000000| Untracked |  0
| 195|0x0000000090100000, 0x0000000090200000, 0x0000000090200000|100%| O|  |TAMS 0x0000000090100000| PB 0x0000000090100000| Untracked |  0
| 196|0x0000000090200000, 0x0000000090300000, 0x0000000090300000|100%| O|  |TAMS 0x0000000090200000| PB 0x0000000090200000| Untracked |  0
| 197|0x0000000090300000, 0x0000000090400000, 0x0000000090400000|100%| O|  |TAMS 0x0000000090300000| PB 0x0000000090300000| Untracked |  0
| 198|0x0000000090400000, 0x0000000090500000, 0x0000000090500000|100%| O|  |TAMS 0x0000000090400000| PB 0x0000000090400000| Untracked |  0
| 199|0x0000000090500000, 0x0000000090600000, 0x0000000090600000|100%| O|  |TAMS 0x0000000090500000| PB 0x0000000090500000| Untracked |  0
| 200|0x0000000090600000, 0x0000000090700000, 0x0000000090700000|100%| O|  |TAMS 0x0000000090600000| PB 0x0000000090600000| Untracked |  0
| 201|0x0000000090700000, 0x0000000090800000, 0x0000000090800000|100%| O|  |TAMS 0x0000000090700000| PB 0x0000000090700000| Untracked |  0
| 202|0x0000000090800000, 0x0000000090900000, 0x0000000090900000|100%| O|  |TAMS 0x0000000090800000| PB 0x0000000090800000| Untracked |  0
| 203|0x0000000090900000, 0x0000000090a00000, 0x0000000090a00000|100%| O|  |TAMS 0x0000000090900000| PB 0x0000000090900000| Untracked |  0
| 204|0x0000000090a00000, 0x0000000090b00000, 0x0000000090b00000|100%| O|  |TAMS 0x0000000090a00000| PB 0x0000000090a00000| Untracked |  0
| 205|0x0000000090b00000, 0x0000000090c00000, 0x0000000090c00000|100%| O|  |TAMS 0x0000000090b00000| PB 0x0000000090b00000| Untracked |  0
| 206|0x0000000090c00000, 0x0000000090d00000, 0x0000000090d00000|100%| O|  |TAMS 0x0000000090c00000| PB 0x0000000090c00000| Untracked |  0
| 207|0x0000000090d00000, 0x0000000090e00000, 0x0000000090e00000|100%| O|  |TAMS 0x0000000090d00000| PB 0x0000000090d00000| Untracked |  0
| 208|0x0000000090e00000, 0x0000000090f00000, 0x0000000090f00000|100%| O|  |TAMS 0x0000000090e00000| PB 0x0000000090e00000| Untracked |  0
| 209|0x0000000090f00000, 0x0000000091000000, 0x0000000091000000|100%| O|  |TAMS 0x0000000090f00000| PB 0x0000000090f00000| Untracked |  0
| 210|0x0000000091000000, 0x0000000091100000, 0x0000000091100000|100%| O|  |TAMS 0x0000000091000000| PB 0x0000000091000000| Untracked |  0
| 211|0x0000000091100000, 0x0000000091200000, 0x0000000091200000|100%| O|  |TAMS 0x0000000091100000| PB 0x0000000091100000| Untracked |  0
| 212|0x0000000091200000, 0x0000000091300000, 0x0000000091300000|100%| O|  |TAMS 0x0000000091200000| PB 0x0000000091200000| Untracked |  0
| 213|0x0000000091300000, 0x0000000091400000, 0x0000000091400000|100%| O|  |TAMS 0x0000000091300000| PB 0x0000000091300000| Untracked |  0
| 214|0x0000000091400000, 0x0000000091500000, 0x0000000091500000|100%| O|  |TAMS 0x0000000091400000| PB 0x0000000091400000| Untracked |  0
| 215|0x0000000091500000, 0x0000000091600000, 0x0000000091600000|100%| O|  |TAMS 0x0000000091500000| PB 0x0000000091500000| Untracked |  0
| 216|0x0000000091600000, 0x0000000091700000, 0x0000000091700000|100%| O|  |TAMS 0x0000000091600000| PB 0x0000000091600000| Untracked |  0
| 217|0x0000000091700000, 0x0000000091800000, 0x0000000091800000|100%| O|  |TAMS 0x0000000091700000| PB 0x0000000091700000| Untracked |  0
| 218|0x0000000091800000, 0x0000000091900000, 0x0000000091900000|100%| O|  |TAMS 0x0000000091800000| PB 0x0000000091800000| Untracked |  0
| 219|0x0000000091900000, 0x0000000091a00000, 0x0000000091a00000|100%| O|  |TAMS 0x0000000091900000| PB 0x0000000091900000| Untracked |  0
| 220|0x0000000091a00000, 0x0000000091b00000, 0x0000000091b00000|100%| O|  |TAMS 0x0000000091a00000| PB 0x0000000091a00000| Untracked |  0
| 221|0x0000000091b00000, 0x0000000091c00000, 0x0000000091c00000|100%| O|  |TAMS 0x0000000091b00000| PB 0x0000000091b00000| Untracked |  0
| 222|0x0000000091c00000, 0x0000000091d00000, 0x0000000091d00000|100%| O|  |TAMS 0x0000000091c00000| PB 0x0000000091c00000| Untracked |  0
| 223|0x0000000091d00000, 0x0000000091e00000, 0x0000000091e00000|100%| O|  |TAMS 0x0000000091d00000| PB 0x0000000091d00000| Untracked |  0
| 224|0x0000000091e00000, 0x0000000091f00000, 0x0000000091f00000|100%| O|  |TAMS 0x0000000091e00000| PB 0x0000000091e00000| Untracked |  0
| 225|0x0000000091f00000, 0x0000000092000000, 0x0000000092000000|100%| O|  |TAMS 0x0000000091f00000| PB 0x0000000091f00000| Untracked |  0
| 226|0x0000000092000000, 0x0000000092100000, 0x0000000092100000|100%| O|  |TAMS 0x0000000092000000| PB 0x0000000092000000| Untracked |  0
| 227|0x0000000092100000, 0x0000000092200000, 0x0000000092200000|100%| O|  |TAMS 0x0000000092100000| PB 0x0000000092100000| Untracked |  0
| 228|0x0000000092200000, 0x0000000092300000, 0x0000000092300000|100%| O|  |TAMS 0x0000000092200000| PB 0x0000000092200000| Untracked |  0
| 229|0x0000000092300000, 0x0000000092400000, 0x0000000092400000|100%| O|  |TAMS 0x0000000092300000| PB 0x0000000092300000| Untracked |  0
| 230|0x0000000092400000, 0x0000000092500000, 0x0000000092500000|100%| O|  |TAMS 0x0000000092400000| PB 0x0000000092400000| Untracked |  0
| 231|0x0000000092500000, 0x0000000092600000, 0x0000000092600000|100%| O|  |TAMS 0x0000000092500000| PB 0x0000000092500000| Untracked |  0
| 232|0x0000000092600000, 0x0000000092700000, 0x0000000092700000|100%| O|  |TAMS 0x0000000092600000| PB 0x0000000092600000| Untracked |  0
| 233|0x0000000092700000, 0x0000000092800000, 0x0000000092800000|100%| O|  |TAMS 0x0000000092700000| PB 0x0000000092700000| Untracked |  0
| 234|0x0000000092800000, 0x0000000092900000, 0x0000000092900000|100%| O|  |TAMS 0x0000000092800000| PB 0x0000000092800000| Untracked |  0
| 235|0x0000000092900000, 0x0000000092a00000, 0x0000000092a00000|100%| O|  |TAMS 0x0000000092900000| PB 0x0000000092900000| Untracked |  0
| 236|0x0000000092a00000, 0x0000000092b00000, 0x0000000092b00000|100%| O|  |TAMS 0x0000000092a00000| PB 0x0000000092a00000| Untracked |  0
| 237|0x0000000092b00000, 0x0000000092c00000, 0x0000000092c00000|100%| O|  |TAMS 0x0000000092b00000| PB 0x0000000092b00000| Untracked |  0
| 238|0x0000000092c00000, 0x0000000092d00000, 0x0000000092d00000|100%| O|  |TAMS 0x0000000092c00000| PB 0x0000000092c00000| Untracked |  0
| 239|0x0000000092d00000, 0x0000000092e00000, 0x0000000092e00000|100%| O|  |TAMS 0x0000000092d00000| PB 0x0000000092d00000| Untracked |  0
| 240|0x0000000092e00000, 0x0000000092f00000, 0x0000000092f00000|100%| O|  |TAMS 0x0000000092e00000| PB 0x0000000092e00000| Untracked |  0
| 241|0x0000000092f00000, 0x0000000093000000, 0x0000000093000000|100%| O|  |TAMS 0x0000000092f00000| PB 0x0000000092f00000| Untracked |  0
| 242|0x0000000093000000, 0x0000000093100000, 0x0000000093100000|100%| O|  |TAMS 0x0000000093000000| PB 0x0000000093000000| Untracked |  0
| 243|0x0000000093100000, 0x0000000093200000, 0x0000000093200000|100%| O|  |TAMS 0x0000000093100000| PB 0x0000000093100000| Untracked |  0
| 244|0x0000000093200000, 0x0000000093300000, 0x0000000093300000|100%| O|  |TAMS 0x0000000093200000| PB 0x0000000093200000| Untracked |  0
| 245|0x0000000093300000, 0x0000000093400000, 0x0000000093400000|100%| O|  |TAMS 0x0000000093300000| PB 0x0000000093300000| Untracked |  0
| 246|0x0000000093400000, 0x0000000093500000, 0x0000000093500000|100%| O|  |TAMS 0x0000000093400000| PB 0x0000000093400000| Untracked |  0
| 247|0x0000000093500000, 0x0000000093600000, 0x0000000093600000|100%| O|  |TAMS 0x0000000093500000| PB 0x0000000093500000| Untracked |  0
| 248|0x0000000093600000, 0x0000000093700000, 0x0000000093700000|100%| O|  |TAMS 0x0000000093600000| PB 0x0000000093600000| Untracked |  0
| 249|0x0000000093700000, 0x0000000093800000, 0x0000000093800000|100%| O|  |TAMS 0x0000000093700000| PB 0x0000000093700000| Untracked |  0
| 250|0x0000000093800000, 0x0000000093900000, 0x0000000093900000|100%| O|  |TAMS 0x0000000093800000| PB 0x0000000093800000| Untracked |  0
| 251|0x0000000093900000, 0x0000000093a00000, 0x0000000093a00000|100%| O|  |TAMS 0x0000000093900000| PB 0x0000000093900000| Untracked |  0
| 252|0x0000000093a00000, 0x0000000093b00000, 0x0000000093b00000|100%| O|  |TAMS 0x0000000093a00000| PB 0x0000000093a00000| Untracked |  0
| 253|0x0000000093b00000, 0x0000000093c00000, 0x0000000093c00000|100%| O|  |TAMS 0x0000000093b00000| PB 0x0000000093b00000| Untracked |  0
| 254|0x0000000093c00000, 0x0000000093d00000, 0x0000000093d00000|100%| O|  |TAMS 0x0000000093c00000| PB 0x0000000093c00000| Untracked |  0
| 255|0x0000000093d00000, 0x0000000093e00000, 0x0000000093e00000|100%| O|  |TAMS 0x0000000093d00000| PB 0x0000000093d00000| Untracked |  0
| 256|0x0000000093e00000, 0x0000000093f00000, 0x0000000093f00000|100%| O|  |TAMS 0x0000000093e00000| PB 0x0000000093e00000| Untracked |  0
| 257|0x0000000093f00000, 0x0000000094000000, 0x0000000094000000|100%| O|  |TAMS 0x0000000093f00000| PB 0x0000000093f00000| Untracked |  0
| 258|0x0000000094000000, 0x0000000094100000, 0x0000000094100000|100%| O|  |TAMS 0x0000000094000000| PB 0x0000000094000000| Untracked |  0
| 259|0x0000000094100000, 0x0000000094200000, 0x0000000094200000|100%| O|  |TAMS 0x0000000094100000| PB 0x0000000094100000| Untracked |  0
| 260|0x0000000094200000, 0x0000000094300000, 0x0000000094300000|100%| O|  |TAMS 0x0000000094200000| PB 0x0000000094200000| Untracked |  0
| 261|0x0000000094300000, 0x0000000094400000, 0x0000000094400000|100%| O|  |TAMS 0x0000000094300000| PB 0x0000000094300000| Untracked |  0
| 262|0x0000000094400000, 0x0000000094500000, 0x0000000094500000|100%| O|  |TAMS 0x0000000094400000| PB 0x0000000094400000| Untracked |  0
| 263|0x0000000094500000, 0x0000000094600000, 0x0000000094600000|100%| O|  |TAMS 0x0000000094500000| PB 0x0000000094500000| Untracked |  0
| 264|0x0000000094600000, 0x0000000094700000, 0x0000000094700000|100%| O|  |TAMS 0x0000000094600000| PB 0x0000000094600000| Untracked |  0
| 265|0x0000000094700000, 0x0000000094800000, 0x0000000094800000|100%| O|  |TAMS 0x0000000094700000| PB 0x0000000094700000| Untracked |  0
| 266|0x0000000094800000, 0x0000000094900000, 0x0000000094900000|100%| O|  |TAMS 0x0000000094800000| PB 0x0000000094800000| Untracked |  0
| 267|0x0000000094900000, 0x0000000094a00000, 0x0000000094a00000|100%| O|  |TAMS 0x0000000094900000| PB 0x0000000094900000| Untracked |  0
| 268|0x0000000094a00000, 0x0000000094b00000, 0x0000000094b00000|100%| O|  |TAMS 0x0000000094a00000| PB 0x0000000094a00000| Untracked |  0
| 269|0x0000000094b00000, 0x0000000094c00000, 0x0000000094c00000|100%| O|  |TAMS 0x0000000094b00000| PB 0x0000000094b00000| Untracked |  0
| 270|0x0000000094c00000, 0x0000000094d00000, 0x0000000094d00000|100%| O|  |TAMS 0x0000000094c00000| PB 0x0000000094c00000| Untracked |  0
| 271|0x0000000094d00000, 0x0000000094d00000, 0x0000000094e00000|  0%| F|  |TAMS 0x0000000094d00000| PB 0x0000000094d00000| Untracked |  0
| 272|0x0000000094e00000, 0x0000000094e00000, 0x0000000094f00000|  0%| F|  |TAMS 0x0000000094e00000| PB 0x0000000094e00000| Untracked |  0
| 273|0x0000000094f00000, 0x0000000094f00000, 0x0000000095000000|  0%| F|  |TAMS 0x0000000094f00000| PB 0x0000000094f00000| Untracked |  0
| 274|0x0000000095000000, 0x0000000095100000, 0x0000000095100000|100%|HS|  |TAMS 0x0000000095000000| PB 0x0000000095000000| Complete |  0
| 275|0x0000000095100000, 0x0000000095200000, 0x0000000095200000|100%|HC|  |TAMS 0x0000000095100000| PB 0x0000000095100000| Complete |  0
| 276|0x0000000095200000, 0x0000000095300000, 0x0000000095300000|100%|HC|  |TAMS 0x0000000095200000| PB 0x0000000095200000| Complete |  0
| 277|0x0000000095300000, 0x0000000095400000, 0x0000000095400000|100%|HS|  |TAMS 0x0000000095300000| PB 0x0000000095300000| Complete |  0
| 278|0x0000000095400000, 0x0000000095500000, 0x0000000095500000|100%| O|  |TAMS 0x0000000095400000| PB 0x0000000095400000| Untracked |  0
| 279|0x0000000095500000, 0x0000000095600000, 0x0000000095600000|100%| O|  |TAMS 0x0000000095500000| PB 0x0000000095500000| Untracked |  0
| 280|0x0000000095600000, 0x0000000095700000, 0x0000000095700000|100%| O|  |TAMS 0x0000000095600000| PB 0x0000000095600000| Untracked |  0
| 281|0x0000000095700000, 0x0000000095800000, 0x0000000095800000|100%| O|  |TAMS 0x0000000095700000| PB 0x0000000095700000| Untracked |  0
| 282|0x0000000095800000, 0x0000000095900000, 0x0000000095900000|100%| O|  |TAMS 0x0000000095800000| PB 0x0000000095800000| Untracked |  0
| 283|0x0000000095900000, 0x0000000095a00000, 0x0000000095a00000|100%| O|  |TAMS 0x0000000095900000| PB 0x0000000095900000| Untracked |  0
| 284|0x0000000095a00000, 0x0000000095b00000, 0x0000000095b00000|100%| O|  |TAMS 0x0000000095a00000| PB 0x0000000095a00000| Untracked |  0
| 285|0x0000000095b00000, 0x0000000095c00000, 0x0000000095c00000|100%| O|  |TAMS 0x0000000095b00000| PB 0x0000000095b00000| Untracked |  0
| 286|0x0000000095c00000, 0x0000000095d00000, 0x0000000095d00000|100%| O|  |TAMS 0x0000000095c00000| PB 0x0000000095c00000| Untracked |  0
| 287|0x0000000095d00000, 0x0000000095e00000, 0x0000000095e00000|100%| O|  |TAMS 0x0000000095d00000| PB 0x0000000095d00000| Untracked |  0
| 288|0x0000000095e00000, 0x0000000095f00000, 0x0000000095f00000|100%| O|  |TAMS 0x0000000095e00000| PB 0x0000000095e00000| Untracked |  0
| 289|0x0000000095f00000, 0x0000000096000000, 0x0000000096000000|100%| O|  |TAMS 0x0000000095f00000| PB 0x0000000095f00000| Untracked |  0
| 290|0x0000000096000000, 0x0000000096100000, 0x0000000096100000|100%| O|  |TAMS 0x0000000096000000| PB 0x0000000096000000| Untracked |  0
| 291|0x0000000096100000, 0x0000000096200000, 0x0000000096200000|100%| O|  |TAMS 0x0000000096100000| PB 0x0000000096100000| Untracked |  0
| 292|0x0000000096200000, 0x0000000096300000, 0x0000000096300000|100%| O|  |TAMS 0x0000000096200000| PB 0x0000000096200000| Untracked |  0
| 293|0x0000000096300000, 0x0000000096400000, 0x0000000096400000|100%| O|  |TAMS 0x0000000096300000| PB 0x0000000096300000| Untracked |  0
| 294|0x0000000096400000, 0x0000000096400000, 0x0000000096500000|  0%| F|  |TAMS 0x0000000096400000| PB 0x0000000096400000| Untracked |  0
| 295|0x0000000096500000, 0x0000000096500000, 0x0000000096600000|  0%| F|  |TAMS 0x0000000096500000| PB 0x0000000096500000| Untracked |  0
| 296|0x0000000096600000, 0x0000000096600000, 0x0000000096700000|  0%| F|  |TAMS 0x0000000096600000| PB 0x0000000096600000| Untracked |  0
| 297|0x0000000096700000, 0x0000000096700000, 0x0000000096800000|  0%| F|  |TAMS 0x0000000096700000| PB 0x0000000096700000| Untracked |  0
| 298|0x0000000096800000, 0x0000000096900000, 0x0000000096900000|100%| O|  |TAMS 0x0000000096800000| PB 0x0000000096800000| Untracked |  0
| 299|0x0000000096900000, 0x0000000096a00000, 0x0000000096a00000|100%| O|  |TAMS 0x0000000096900000| PB 0x0000000096900000| Untracked |  0
| 300|0x0000000096a00000, 0x0000000096b00000, 0x0000000096b00000|100%| O|  |TAMS 0x0000000096a00000| PB 0x0000000096a00000| Untracked |  0
| 301|0x0000000096b00000, 0x0000000096c00000, 0x0000000096c00000|100%| O|  |TAMS 0x0000000096b00000| PB 0x0000000096b00000| Untracked |  0
| 302|0x0000000096c00000, 0x0000000096d00000, 0x0000000096d00000|100%| O|  |TAMS 0x0000000096c00000| PB 0x0000000096c00000| Untracked |  0
| 303|0x0000000096d00000, 0x0000000096e00000, 0x0000000096e00000|100%| O|  |TAMS 0x0000000096d00000| PB 0x0000000096d00000| Untracked |  0
| 304|0x0000000096e00000, 0x0000000096f00000, 0x0000000096f00000|100%| O|  |TAMS 0x0000000096e00000| PB 0x0000000096e00000| Untracked |  0
| 305|0x0000000096f00000, 0x0000000097000000, 0x0000000097000000|100%| O|  |TAMS 0x0000000096f00000| PB 0x0000000096f00000| Untracked |  0
| 306|0x0000000097000000, 0x0000000097100000, 0x0000000097100000|100%| O|  |TAMS 0x0000000097000000| PB 0x0000000097000000| Untracked |  0
| 307|0x0000000097100000, 0x0000000097200000, 0x0000000097200000|100%| O|  |TAMS 0x0000000097100000| PB 0x0000000097100000| Untracked |  0
| 308|0x0000000097200000, 0x0000000097300000, 0x0000000097300000|100%| O|  |TAMS 0x0000000097200000| PB 0x0000000097200000| Untracked |  0
| 309|0x0000000097300000, 0x0000000097400000, 0x0000000097400000|100%| O|  |TAMS 0x0000000097300000| PB 0x0000000097300000| Untracked |  0
| 310|0x0000000097400000, 0x0000000097500000, 0x0000000097500000|100%| O|  |TAMS 0x0000000097400000| PB 0x0000000097400000| Untracked |  0
| 311|0x0000000097500000, 0x0000000097600000, 0x0000000097600000|100%| O|  |TAMS 0x0000000097500000| PB 0x0000000097500000| Untracked |  0
| 312|0x0000000097600000, 0x0000000097700000, 0x0000000097700000|100%| O|  |TAMS 0x0000000097600000| PB 0x0000000097600000| Untracked |  0
| 313|0x0000000097700000, 0x0000000097800000, 0x0000000097800000|100%| O|  |TAMS 0x0000000097700000| PB 0x0000000097700000| Untracked |  0
| 314|0x0000000097800000, 0x0000000097900000, 0x0000000097900000|100%| O|  |TAMS 0x0000000097800000| PB 0x0000000097800000| Untracked |  0
| 315|0x0000000097900000, 0x0000000097a00000, 0x0000000097a00000|100%| O|  |TAMS 0x0000000097900000| PB 0x0000000097900000| Untracked |  0
| 316|0x0000000097a00000, 0x0000000097b00000, 0x0000000097b00000|100%| O|  |TAMS 0x0000000097a00000| PB 0x0000000097a00000| Untracked |  0
| 317|0x0000000097b00000, 0x0000000097c00000, 0x0000000097c00000|100%| O|  |TAMS 0x0000000097b00000| PB 0x0000000097b00000| Untracked |  0
| 318|0x0000000097c00000, 0x0000000097d00000, 0x0000000097d00000|100%| O|  |TAMS 0x0000000097c00000| PB 0x0000000097c00000| Untracked |  0
| 319|0x0000000097d00000, 0x0000000097e00000, 0x0000000097e00000|100%| O|  |TAMS 0x0000000097d00000| PB 0x0000000097d00000| Untracked |  0
| 320|0x0000000097e00000, 0x0000000097f00000, 0x0000000097f00000|100%| O|  |TAMS 0x0000000097e00000| PB 0x0000000097e00000| Untracked |  0
| 321|0x0000000097f00000, 0x0000000098000000, 0x0000000098000000|100%| O|  |TAMS 0x0000000097f00000| PB 0x0000000097f00000| Untracked |  0
| 322|0x0000000098000000, 0x0000000098100000, 0x0000000098100000|100%| O|  |TAMS 0x0000000098000000| PB 0x0000000098000000| Untracked |  0
| 323|0x0000000098100000, 0x0000000098200000, 0x0000000098200000|100%| O|  |TAMS 0x0000000098100000| PB 0x0000000098100000| Untracked |  0
| 324|0x0000000098200000, 0x0000000098300000, 0x0000000098300000|100%| O|  |TAMS 0x0000000098200000| PB 0x0000000098200000| Untracked |  0
| 325|0x0000000098300000, 0x0000000098400000, 0x0000000098400000|100%| O|  |TAMS 0x0000000098300000| PB 0x0000000098300000| Untracked |  0
| 326|0x0000000098400000, 0x0000000098500000, 0x0000000098500000|100%| O|  |TAMS 0x0000000098400000| PB 0x0000000098400000| Untracked |  0
| 327|0x0000000098500000, 0x0000000098600000, 0x0000000098600000|100%| O|  |TAMS 0x0000000098500000| PB 0x0000000098500000| Untracked |  0
| 328|0x0000000098600000, 0x0000000098700000, 0x0000000098700000|100%| O|  |TAMS 0x0000000098600000| PB 0x0000000098600000| Untracked |  0
| 329|0x0000000098700000, 0x0000000098800000, 0x0000000098800000|100%| O|  |TAMS 0x0000000098700000| PB 0x0000000098700000| Untracked |  0
| 330|0x0000000098800000, 0x0000000098900000, 0x0000000098900000|100%| O|  |TAMS 0x0000000098800000| PB 0x0000000098800000| Untracked |  0
| 331|0x0000000098900000, 0x0000000098a00000, 0x0000000098a00000|100%| O|  |TAMS 0x0000000098900000| PB 0x0000000098900000| Untracked |  0
| 332|0x0000000098a00000, 0x0000000098b00000, 0x0000000098b00000|100%| O|  |TAMS 0x0000000098a00000| PB 0x0000000098a00000| Untracked |  0
| 333|0x0000000098b00000, 0x0000000098c00000, 0x0000000098c00000|100%| O|  |TAMS 0x0000000098b00000| PB 0x0000000098b00000| Untracked |  0
| 334|0x0000000098c00000, 0x0000000098d00000, 0x0000000098d00000|100%| O|  |TAMS 0x0000000098c00000| PB 0x0000000098c00000| Untracked |  0
| 335|0x0000000098d00000, 0x0000000098e00000, 0x0000000098e00000|100%| O|  |TAMS 0x0000000098d00000| PB 0x0000000098d00000| Untracked |  0
| 336|0x0000000098e00000, 0x0000000098f00000, 0x0000000098f00000|100%| O|  |TAMS 0x0000000098e00000| PB 0x0000000098e00000| Untracked |  0
| 337|0x0000000098f00000, 0x0000000098f00000, 0x0000000099000000|  0%| F|  |TAMS 0x0000000098f00000| PB 0x0000000098f00000| Untracked |  0
| 338|0x0000000099000000, 0x0000000099000000, 0x0000000099100000|  0%| F|  |TAMS 0x0000000099000000| PB 0x0000000099000000| Untracked |  0
| 339|0x0000000099100000, 0x0000000099100000, 0x0000000099200000|  0%| F|  |TAMS 0x0000000099100000| PB 0x0000000099100000| Untracked |  0
| 340|0x0000000099200000, 0x0000000099200000, 0x0000000099300000|  0%| F|  |TAMS 0x0000000099200000| PB 0x0000000099200000| Untracked |  0
| 341|0x0000000099300000, 0x0000000099400000, 0x0000000099400000|100%| O|  |TAMS 0x0000000099300000| PB 0x0000000099300000| Untracked |  0
| 342|0x0000000099400000, 0x0000000099400000, 0x0000000099500000|  0%| F|  |TAMS 0x0000000099400000| PB 0x0000000099400000| Untracked |  0
| 343|0x0000000099500000, 0x0000000099600000, 0x0000000099600000|100%| O|  |TAMS 0x0000000099500000| PB 0x0000000099500000| Untracked |  0
| 344|0x0000000099600000, 0x0000000099700000, 0x0000000099700000|100%| O|  |TAMS 0x0000000099600000| PB 0x0000000099600000| Untracked |  0
| 345|0x0000000099700000, 0x0000000099800000, 0x0000000099800000|100%| O|  |TAMS 0x0000000099700000| PB 0x0000000099700000| Untracked |  0
| 346|0x0000000099800000, 0x0000000099900000, 0x0000000099900000|100%| O|  |TAMS 0x0000000099800000| PB 0x0000000099800000| Untracked |  0
| 347|0x0000000099900000, 0x0000000099a00000, 0x0000000099a00000|100%| O|  |TAMS 0x0000000099900000| PB 0x0000000099900000| Untracked |  0
| 348|0x0000000099a00000, 0x0000000099b00000, 0x0000000099b00000|100%| O|  |TAMS 0x0000000099a00000| PB 0x0000000099a00000| Untracked |  0
| 349|0x0000000099b00000, 0x0000000099c00000, 0x0000000099c00000|100%| O|  |TAMS 0x0000000099b00000| PB 0x0000000099b00000| Untracked |  0
| 350|0x0000000099c00000, 0x0000000099d00000, 0x0000000099d00000|100%| O|  |TAMS 0x0000000099c00000| PB 0x0000000099c00000| Untracked |  0
| 351|0x0000000099d00000, 0x0000000099e00000, 0x0000000099e00000|100%| O|  |TAMS 0x0000000099d00000| PB 0x0000000099d00000| Untracked |  0
| 352|0x0000000099e00000, 0x0000000099f00000, 0x0000000099f00000|100%| O|  |TAMS 0x0000000099e00000| PB 0x0000000099e00000| Untracked |  0
| 353|0x0000000099f00000, 0x000000009a000000, 0x000000009a000000|100%| O|  |TAMS 0x0000000099f00000| PB 0x0000000099f00000| Untracked |  0
| 354|0x000000009a000000, 0x000000009a100000, 0x000000009a100000|100%| O|  |TAMS 0x000000009a000000| PB 0x000000009a000000| Untracked |  0
| 355|0x000000009a100000, 0x000000009a180000, 0x000000009a200000| 50%| O|  |TAMS 0x000000009a100000| PB 0x000000009a100000| Untracked |  0
| 356|0x000000009a200000, 0x000000009a200000, 0x000000009a300000|  0%| F|  |TAMS 0x000000009a200000| PB 0x000000009a200000| Untracked |  0
| 357|0x000000009a300000, 0x000000009a300000, 0x000000009a400000|  0%| F|  |TAMS 0x000000009a300000| PB 0x000000009a300000| Untracked |  0
| 358|0x000000009a400000, 0x000000009a400000, 0x000000009a500000|  0%| F|  |TAMS 0x000000009a400000| PB 0x000000009a400000| Untracked |  0
| 359|0x000000009a500000, 0x000000009a500000, 0x000000009a600000|  0%| F|  |TAMS 0x000000009a500000| PB 0x000000009a500000| Untracked |  0
| 360|0x000000009a600000, 0x000000009a600000, 0x000000009a700000|  0%| F|  |TAMS 0x000000009a600000| PB 0x000000009a600000| Untracked |  0
| 361|0x000000009a700000, 0x000000009a700000, 0x000000009a800000|  0%| F|  |TAMS 0x000000009a700000| PB 0x000000009a700000| Untracked |  0
| 362|0x000000009a800000, 0x000000009a800000, 0x000000009a900000|  0%| F|  |TAMS 0x000000009a800000| PB 0x000000009a800000| Untracked |  0
| 363|0x000000009a900000, 0x000000009a900000, 0x000000009aa00000|  0%| F|  |TAMS 0x000000009a900000| PB 0x000000009a900000| Untracked |  0
| 364|0x000000009aa00000, 0x000000009aa00000, 0x000000009ab00000|  0%| F|  |TAMS 0x000000009aa00000| PB 0x000000009aa00000| Untracked |  0
| 365|0x000000009ab00000, 0x000000009ab00000, 0x000000009ac00000|  0%| F|  |TAMS 0x000000009ab00000| PB 0x000000009ab00000| Untracked |  0
| 366|0x000000009ac00000, 0x000000009ac00000, 0x000000009ad00000|  0%| F|  |TAMS 0x000000009ac00000| PB 0x000000009ac00000| Untracked |  0
| 367|0x000000009ad00000, 0x000000009ad00000, 0x000000009ae00000|  0%| F|  |TAMS 0x000000009ad00000| PB 0x000000009ad00000| Untracked |  0
| 368|0x000000009ae00000, 0x000000009ae00000, 0x000000009af00000|  0%| F|  |TAMS 0x000000009ae00000| PB 0x000000009ae00000| Untracked |  0
| 369|0x000000009af00000, 0x000000009af00000, 0x000000009b000000|  0%| F|  |TAMS 0x000000009af00000| PB 0x000000009af00000| Untracked |  0
| 370|0x000000009b000000, 0x000000009b000000, 0x000000009b100000|  0%| F|  |TAMS 0x000000009b000000| PB 0x000000009b000000| Untracked |  0
| 371|0x000000009b100000, 0x000000009b100000, 0x000000009b200000|  0%| F|  |TAMS 0x000000009b100000| PB 0x000000009b100000| Untracked |  0
| 372|0x000000009b200000, 0x000000009b200000, 0x000000009b300000|  0%| F|  |TAMS 0x000000009b200000| PB 0x000000009b200000| Untracked |  0
| 373|0x000000009b300000, 0x000000009b300000, 0x000000009b400000|  0%| F|  |TAMS 0x000000009b300000| PB 0x000000009b300000| Untracked |  0
| 374|0x000000009b400000, 0x000000009b400000, 0x000000009b500000|  0%| F|  |TAMS 0x000000009b400000| PB 0x000000009b400000| Untracked |  0
| 375|0x000000009b500000, 0x000000009b500000, 0x000000009b600000|  0%| F|  |TAMS 0x000000009b500000| PB 0x000000009b500000| Untracked |  0
| 376|0x000000009b600000, 0x000000009b600000, 0x000000009b700000|  0%| F|  |TAMS 0x000000009b600000| PB 0x000000009b600000| Untracked |  0
| 377|0x000000009b700000, 0x000000009b700000, 0x000000009b800000|  0%| F|  |TAMS 0x000000009b700000| PB 0x000000009b700000| Untracked |  0
| 378|0x000000009b800000, 0x000000009b800000, 0x000000009b900000|  0%| F|  |TAMS 0x000000009b800000| PB 0x000000009b800000| Untracked |  0
| 379|0x000000009b900000, 0x000000009b900000, 0x000000009ba00000|  0%| F|  |TAMS 0x000000009b900000| PB 0x000000009b900000| Untracked |  0
| 380|0x000000009ba00000, 0x000000009ba00000, 0x000000009bb00000|  0%| F|  |TAMS 0x000000009ba00000| PB 0x000000009ba00000| Untracked |  0
| 381|0x000000009bb00000, 0x000000009bb00000, 0x000000009bc00000|  0%| F|  |TAMS 0x000000009bb00000| PB 0x000000009bb00000| Untracked |  0
| 382|0x000000009bc00000, 0x000000009bc00000, 0x000000009bd00000|  0%| F|  |TAMS 0x000000009bc00000| PB 0x000000009bc00000| Untracked |  0
| 383|0x000000009bd00000, 0x000000009bd00000, 0x000000009be00000|  0%| F|  |TAMS 0x000000009bd00000| PB 0x000000009bd00000| Untracked |  0
| 384|0x000000009be00000, 0x000000009be00000, 0x000000009bf00000|  0%| F|  |TAMS 0x000000009be00000| PB 0x000000009be00000| Untracked |  0
| 385|0x000000009bf00000, 0x000000009bf00000, 0x000000009c000000|  0%| F|  |TAMS 0x000000009bf00000| PB 0x000000009bf00000| Untracked |  0
| 386|0x000000009c000000, 0x000000009c000000, 0x000000009c100000|  0%| F|  |TAMS 0x000000009c000000| PB 0x000000009c000000| Untracked |  0
| 387|0x000000009c100000, 0x000000009c100000, 0x000000009c200000|  0%| F|  |TAMS 0x000000009c100000| PB 0x000000009c100000| Untracked |  0
| 388|0x000000009c200000, 0x000000009c200000, 0x000000009c300000|  0%| F|  |TAMS 0x000000009c200000| PB 0x000000009c200000| Untracked |  0
| 389|0x000000009c300000, 0x000000009c300000, 0x000000009c400000|  0%| F|  |TAMS 0x000000009c300000| PB 0x000000009c300000| Untracked |  0
| 390|0x000000009c400000, 0x000000009c400000, 0x000000009c500000|  0%| F|  |TAMS 0x000000009c400000| PB 0x000000009c400000| Untracked |  0
| 391|0x000000009c500000, 0x000000009c500000, 0x000000009c600000|  0%| F|  |TAMS 0x000000009c500000| PB 0x000000009c500000| Untracked |  0
| 392|0x000000009c600000, 0x000000009c600000, 0x000000009c700000|  0%| F|  |TAMS 0x000000009c600000| PB 0x000000009c600000| Untracked |  0
| 393|0x000000009c700000, 0x000000009c700000, 0x000000009c800000|  0%| F|  |TAMS 0x000000009c700000| PB 0x000000009c700000| Untracked |  0
| 394|0x000000009c800000, 0x000000009c800000, 0x000000009c900000|  0%| F|  |TAMS 0x000000009c800000| PB 0x000000009c800000| Untracked |  0
| 395|0x000000009c900000, 0x000000009c900000, 0x000000009ca00000|  0%| F|  |TAMS 0x000000009c900000| PB 0x000000009c900000| Untracked |  0
| 396|0x000000009ca00000, 0x000000009ca00000, 0x000000009cb00000|  0%| F|  |TAMS 0x000000009ca00000| PB 0x000000009ca00000| Untracked |  0
| 397|0x000000009cb00000, 0x000000009cb00000, 0x000000009cc00000|  0%| F|  |TAMS 0x000000009cb00000| PB 0x000000009cb00000| Untracked |  0
| 398|0x000000009cc00000, 0x000000009cc00000, 0x000000009cd00000|  0%| F|  |TAMS 0x000000009cc00000| PB 0x000000009cc00000| Untracked |  0
| 399|0x000000009cd00000, 0x000000009cd00000, 0x000000009ce00000|  0%| F|  |TAMS 0x000000009cd00000| PB 0x000000009cd00000| Untracked |  0
| 400|0x000000009ce00000, 0x000000009ce00000, 0x000000009cf00000|  0%| F|  |TAMS 0x000000009ce00000| PB 0x000000009ce00000| Untracked |  0
| 401|0x000000009cf00000, 0x000000009cf00000, 0x000000009d000000|  0%| F|  |TAMS 0x000000009cf00000| PB 0x000000009cf00000| Untracked |  0
| 402|0x000000009d000000, 0x000000009d000000, 0x000000009d100000|  0%| F|  |TAMS 0x000000009d000000| PB 0x000000009d000000| Untracked |  0
| 403|0x000000009d100000, 0x000000009d100000, 0x000000009d200000|  0%| F|  |TAMS 0x000000009d100000| PB 0x000000009d100000| Untracked |  0
| 404|0x000000009d200000, 0x000000009d200000, 0x000000009d300000|  0%| F|  |TAMS 0x000000009d200000| PB 0x000000009d200000| Untracked |  0
| 405|0x000000009d300000, 0x000000009d300000, 0x000000009d400000|  0%| F|  |TAMS 0x000000009d300000| PB 0x000000009d300000| Untracked |  0
| 406|0x000000009d400000, 0x000000009d400000, 0x000000009d500000|  0%| F|  |TAMS 0x000000009d400000| PB 0x000000009d400000| Untracked |  0
| 407|0x000000009d500000, 0x000000009d500000, 0x000000009d600000|  0%| F|  |TAMS 0x000000009d500000| PB 0x000000009d500000| Untracked |  0
| 408|0x000000009d600000, 0x000000009d600000, 0x000000009d700000|  0%| F|  |TAMS 0x000000009d600000| PB 0x000000009d600000| Untracked |  0
| 409|0x000000009d700000, 0x000000009d700000, 0x000000009d800000|  0%| F|  |TAMS 0x000000009d700000| PB 0x000000009d700000| Untracked |  0
| 410|0x000000009d800000, 0x000000009d800000, 0x000000009d900000|  0%| F|  |TAMS 0x000000009d800000| PB 0x000000009d800000| Untracked |  0
| 411|0x000000009d900000, 0x000000009d900000, 0x000000009da00000|  0%| F|  |TAMS 0x000000009d900000| PB 0x000000009d900000| Untracked |  0
| 412|0x000000009da00000, 0x000000009da00000, 0x000000009db00000|  0%| F|  |TAMS 0x000000009da00000| PB 0x000000009da00000| Untracked |  0
| 413|0x000000009db00000, 0x000000009db00000, 0x000000009dc00000|  0%| F|  |TAMS 0x000000009db00000| PB 0x000000009db00000| Untracked |  0
| 414|0x000000009dc00000, 0x000000009dc00000, 0x000000009dd00000|  0%| F|  |TAMS 0x000000009dc00000| PB 0x000000009dc00000| Untracked |  0
| 415|0x000000009dd00000, 0x000000009dd00000, 0x000000009de00000|  0%| F|  |TAMS 0x000000009dd00000| PB 0x000000009dd00000| Untracked |  0
| 416|0x000000009de00000, 0x000000009de00000, 0x000000009df00000|  0%| F|  |TAMS 0x000000009de00000| PB 0x000000009de00000| Untracked |  0
| 417|0x000000009df00000, 0x000000009df00000, 0x000000009e000000|  0%| F|  |TAMS 0x000000009df00000| PB 0x000000009df00000| Untracked |  0
| 418|0x000000009e000000, 0x000000009e000000, 0x000000009e100000|  0%| F|  |TAMS 0x000000009e000000| PB 0x000000009e000000| Untracked |  0
| 419|0x000000009e100000, 0x000000009e100000, 0x000000009e200000|  0%| F|  |TAMS 0x000000009e100000| PB 0x000000009e100000| Untracked |  0
| 420|0x000000009e200000, 0x000000009e300000, 0x000000009e300000|100%| S|CS|TAMS 0x000000009e200000| PB 0x000000009e200000| Complete |  0
| 421|0x000000009e300000, 0x000000009e400000, 0x000000009e400000|100%| S|CS|TAMS 0x000000009e300000| PB 0x000000009e300000| Complete |  0
| 422|0x000000009e400000, 0x000000009e500000, 0x000000009e500000|100%| S|CS|TAMS 0x000000009e400000| PB 0x000000009e400000| Complete |  0
| 423|0x000000009e500000, 0x000000009e600000, 0x000000009e600000|100%| S|CS|TAMS 0x000000009e500000| PB 0x000000009e500000| Complete |  0
| 424|0x000000009e600000, 0x000000009e700000, 0x000000009e700000|100%| S|CS|TAMS 0x000000009e600000| PB 0x000000009e600000| Complete |  0
| 425|0x000000009e700000, 0x000000009e800000, 0x000000009e800000|100%| S|CS|TAMS 0x000000009e700000| PB 0x000000009e700000| Complete |  0
| 426|0x000000009e800000, 0x000000009e900000, 0x000000009e900000|100%| S|CS|TAMS 0x000000009e800000| PB 0x000000009e800000| Complete |  0
| 427|0x000000009e900000, 0x000000009ea00000, 0x000000009ea00000|100%| S|CS|TAMS 0x000000009e900000| PB 0x000000009e900000| Complete |  0
| 428|0x000000009ea00000, 0x000000009eb00000, 0x000000009eb00000|100%| S|CS|TAMS 0x000000009ea00000| PB 0x000000009ea00000| Complete |  0
| 429|0x000000009eb00000, 0x000000009ec00000, 0x000000009ec00000|100%| S|CS|TAMS 0x000000009eb00000| PB 0x000000009eb00000| Complete |  0
| 430|0x000000009ec00000, 0x000000009ed00000, 0x000000009ed00000|100%| S|CS|TAMS 0x000000009ec00000| PB 0x000000009ec00000| Complete |  0
| 431|0x000000009ed00000, 0x000000009ee00000, 0x000000009ee00000|100%| S|CS|TAMS 0x000000009ed00000| PB 0x000000009ed00000| Complete |  0
| 432|0x000000009ee00000, 0x000000009ef00000, 0x000000009ef00000|100%| S|CS|TAMS 0x000000009ee00000| PB 0x000000009ee00000| Complete |  0
| 433|0x000000009ef00000, 0x000000009f000000, 0x000000009f000000|100%| S|CS|TAMS 0x000000009ef00000| PB 0x000000009ef00000| Complete |  0
| 434|0x000000009f000000, 0x000000009f100000, 0x000000009f100000|100%| S|CS|TAMS 0x000000009f000000| PB 0x000000009f000000| Complete |  0
| 435|0x000000009f100000, 0x000000009f200000, 0x000000009f200000|100%| S|CS|TAMS 0x000000009f100000| PB 0x000000009f100000| Complete |  0
| 436|0x000000009f200000, 0x000000009f300000, 0x000000009f300000|100%| S|CS|TAMS 0x000000009f200000| PB 0x000000009f200000| Complete |  0
| 437|0x000000009f300000, 0x000000009f300000, 0x000000009f400000|  0%| F|  |TAMS 0x000000009f300000| PB 0x000000009f300000| Untracked |  0
| 438|0x000000009f400000, 0x000000009f400000, 0x000000009f500000|  0%| F|  |TAMS 0x000000009f400000| PB 0x000000009f400000| Untracked |  0
| 439|0x000000009f500000, 0x000000009f500000, 0x000000009f600000|  0%| F|  |TAMS 0x000000009f500000| PB 0x000000009f500000| Untracked |  0
| 440|0x000000009f600000, 0x000000009f600000, 0x000000009f700000|  0%| F|  |TAMS 0x000000009f600000| PB 0x000000009f600000| Untracked |  0
| 441|0x000000009f700000, 0x000000009f700000, 0x000000009f800000|  0%| F|  |TAMS 0x000000009f700000| PB 0x000000009f700000| Untracked |  0
| 442|0x000000009f800000, 0x000000009f800000, 0x000000009f900000|  0%| F|  |TAMS 0x000000009f800000| PB 0x000000009f800000| Untracked |  0
| 443|0x000000009f900000, 0x000000009f900000, 0x000000009fa00000|  0%| F|  |TAMS 0x000000009f900000| PB 0x000000009f900000| Untracked |  0
| 444|0x000000009fa00000, 0x000000009fa00000, 0x000000009fb00000|  0%| F|  |TAMS 0x000000009fa00000| PB 0x000000009fa00000| Untracked |  0
| 445|0x000000009fb00000, 0x000000009fb00000, 0x000000009fc00000|  0%| F|  |TAMS 0x000000009fb00000| PB 0x000000009fb00000| Untracked |  0
| 446|0x000000009fc00000, 0x000000009fc00000, 0x000000009fd00000|  0%| F|  |TAMS 0x000000009fc00000| PB 0x000000009fc00000| Untracked |  0
| 447|0x000000009fd00000, 0x000000009fd00000, 0x000000009fe00000|  0%| F|  |TAMS 0x000000009fd00000| PB 0x000000009fd00000| Untracked |  0
| 448|0x000000009fe00000, 0x000000009fe00000, 0x000000009ff00000|  0%| F|  |TAMS 0x000000009fe00000| PB 0x000000009fe00000| Untracked |  0
| 449|0x000000009ff00000, 0x000000009ff00000, 0x00000000a0000000|  0%| F|  |TAMS 0x000000009ff00000| PB 0x000000009ff00000| Untracked |  0
| 450|0x00000000a0000000, 0x00000000a0000000, 0x00000000a0100000|  0%| F|  |TAMS 0x00000000a0000000| PB 0x00000000a0000000| Untracked |  0
| 451|0x00000000a0100000, 0x00000000a0100000, 0x00000000a0200000|  0%| F|  |TAMS 0x00000000a0100000| PB 0x00000000a0100000| Untracked |  0
| 452|0x00000000a0200000, 0x00000000a0200000, 0x00000000a0300000|  0%| F|  |TAMS 0x00000000a0200000| PB 0x00000000a0200000| Untracked |  0
| 453|0x00000000a0300000, 0x00000000a0300000, 0x00000000a0400000|  0%| F|  |TAMS 0x00000000a0300000| PB 0x00000000a0300000| Untracked |  0
| 454|0x00000000a0400000, 0x00000000a0400000, 0x00000000a0500000|  0%| F|  |TAMS 0x00000000a0400000| PB 0x00000000a0400000| Untracked |  0
| 455|0x00000000a0500000, 0x00000000a0600000, 0x00000000a0600000|100%| S|CS|TAMS 0x00000000a0500000| PB 0x00000000a0500000| Complete |  0
| 456|0x00000000a0600000, 0x00000000a0700000, 0x00000000a0700000|100%| S|CS|TAMS 0x00000000a0600000| PB 0x00000000a0600000| Complete |  0
| 457|0x00000000a0700000, 0x00000000a0800000, 0x00000000a0800000|100%| S|CS|TAMS 0x00000000a0700000| PB 0x00000000a0700000| Complete |  0
| 458|0x00000000a0800000, 0x00000000a0800000, 0x00000000a0900000|  0%| F|  |TAMS 0x00000000a0800000| PB 0x00000000a0800000| Untracked |  0
| 459|0x00000000a0900000, 0x00000000a0900000, 0x00000000a0a00000|  0%| F|  |TAMS 0x00000000a0900000| PB 0x00000000a0900000| Untracked |  0
| 460|0x00000000a0a00000, 0x00000000a0a00000, 0x00000000a0b00000|  0%| F|  |TAMS 0x00000000a0a00000| PB 0x00000000a0a00000| Untracked |  0
| 461|0x00000000a0b00000, 0x00000000a0b00000, 0x00000000a0c00000|  0%| F|  |TAMS 0x00000000a0b00000| PB 0x00000000a0b00000| Untracked |  0
| 462|0x00000000a0c00000, 0x00000000a0c00000, 0x00000000a0d00000|  0%| F|  |TAMS 0x00000000a0c00000| PB 0x00000000a0c00000| Untracked |  0
| 463|0x00000000a0d00000, 0x00000000a0d00000, 0x00000000a0e00000|  0%| F|  |TAMS 0x00000000a0d00000| PB 0x00000000a0d00000| Untracked |  0
| 464|0x00000000a0e00000, 0x00000000a0e00000, 0x00000000a0f00000|  0%| F|  |TAMS 0x00000000a0e00000| PB 0x00000000a0e00000| Untracked |  0
| 465|0x00000000a0f00000, 0x00000000a0f00000, 0x00000000a1000000|  0%| F|  |TAMS 0x00000000a0f00000| PB 0x00000000a0f00000| Untracked |  0
| 466|0x00000000a1000000, 0x00000000a1000000, 0x00000000a1100000|  0%| F|  |TAMS 0x00000000a1000000| PB 0x00000000a1000000| Untracked |  0
| 467|0x00000000a1100000, 0x00000000a1100000, 0x00000000a1200000|  0%| F|  |TAMS 0x00000000a1100000| PB 0x00000000a1100000| Untracked |  0
| 468|0x00000000a1200000, 0x00000000a1200000, 0x00000000a1300000|  0%| F|  |TAMS 0x00000000a1200000| PB 0x00000000a1200000| Untracked |  0
| 469|0x00000000a1300000, 0x00000000a1300000, 0x00000000a1400000|  0%| F|  |TAMS 0x00000000a1300000| PB 0x00000000a1300000| Untracked |  0
| 470|0x00000000a1400000, 0x00000000a1400000, 0x00000000a1500000|  0%| F|  |TAMS 0x00000000a1400000| PB 0x00000000a1400000| Untracked |  0
| 471|0x00000000a1500000, 0x00000000a1500000, 0x00000000a1600000|  0%| F|  |TAMS 0x00000000a1500000| PB 0x00000000a1500000| Untracked |  0
| 472|0x00000000a1600000, 0x00000000a1600000, 0x00000000a1700000|  0%| F|  |TAMS 0x00000000a1600000| PB 0x00000000a1600000| Untracked |  0
| 473|0x00000000a1700000, 0x00000000a1700000, 0x00000000a1800000|  0%| F|  |TAMS 0x00000000a1700000| PB 0x00000000a1700000| Untracked |  0
| 474|0x00000000a1800000, 0x00000000a1800000, 0x00000000a1900000|  0%| F|  |TAMS 0x00000000a1800000| PB 0x00000000a1800000| Untracked |  0
| 475|0x00000000a1900000, 0x00000000a1900000, 0x00000000a1a00000|  0%| F|  |TAMS 0x00000000a1900000| PB 0x00000000a1900000| Untracked |  0
| 476|0x00000000a1a00000, 0x00000000a1a00000, 0x00000000a1b00000|  0%| F|  |TAMS 0x00000000a1a00000| PB 0x00000000a1a00000| Untracked |  0
| 477|0x00000000a1b00000, 0x00000000a1b00000, 0x00000000a1c00000|  0%| F|  |TAMS 0x00000000a1b00000| PB 0x00000000a1b00000| Untracked |  0
| 478|0x00000000a1c00000, 0x00000000a1c00000, 0x00000000a1d00000|  0%| F|  |TAMS 0x00000000a1c00000| PB 0x00000000a1c00000| Untracked |  0
| 479|0x00000000a1d00000, 0x00000000a1d00000, 0x00000000a1e00000|  0%| F|  |TAMS 0x00000000a1d00000| PB 0x00000000a1d00000| Untracked |  0
| 480|0x00000000a1e00000, 0x00000000a1e00000, 0x00000000a1f00000|  0%| F|  |TAMS 0x00000000a1e00000| PB 0x00000000a1e00000| Untracked |  0
| 481|0x00000000a1f00000, 0x00000000a1f00000, 0x00000000a2000000|  0%| F|  |TAMS 0x00000000a1f00000| PB 0x00000000a1f00000| Untracked |  0
| 482|0x00000000a2000000, 0x00000000a2000000, 0x00000000a2100000|  0%| F|  |TAMS 0x00000000a2000000| PB 0x00000000a2000000| Untracked |  0
| 483|0x00000000a2100000, 0x00000000a2100000, 0x00000000a2200000|  0%| F|  |TAMS 0x00000000a2100000| PB 0x00000000a2100000| Untracked |  0
| 484|0x00000000a2200000, 0x00000000a2200000, 0x00000000a2300000|  0%| F|  |TAMS 0x00000000a2200000| PB 0x00000000a2200000| Untracked |  0
| 485|0x00000000a2300000, 0x00000000a2300000, 0x00000000a2400000|  0%| F|  |TAMS 0x00000000a2300000| PB 0x00000000a2300000| Untracked |  0
| 486|0x00000000a2400000, 0x00000000a2400000, 0x00000000a2500000|  0%| F|  |TAMS 0x00000000a2400000| PB 0x00000000a2400000| Untracked |  0
| 487|0x00000000a2500000, 0x00000000a2500000, 0x00000000a2600000|  0%| F|  |TAMS 0x00000000a2500000| PB 0x00000000a2500000| Untracked |  0
| 488|0x00000000a2600000, 0x00000000a2600000, 0x00000000a2700000|  0%| F|  |TAMS 0x00000000a2600000| PB 0x00000000a2600000| Untracked |  0
| 489|0x00000000a2700000, 0x00000000a2700000, 0x00000000a2800000|  0%| F|  |TAMS 0x00000000a2700000| PB 0x00000000a2700000| Untracked |  0
| 490|0x00000000a2800000, 0x00000000a2800000, 0x00000000a2900000|  0%| F|  |TAMS 0x00000000a2800000| PB 0x00000000a2800000| Untracked |  0
| 491|0x00000000a2900000, 0x00000000a2900000, 0x00000000a2a00000|  0%| F|  |TAMS 0x00000000a2900000| PB 0x00000000a2900000| Untracked |  0
| 492|0x00000000a2a00000, 0x00000000a2a00000, 0x00000000a2b00000|  0%| F|  |TAMS 0x00000000a2a00000| PB 0x00000000a2a00000| Untracked |  0
| 493|0x00000000a2b00000, 0x00000000a2b00000, 0x00000000a2c00000|  0%| F|  |TAMS 0x00000000a2b00000| PB 0x00000000a2b00000| Untracked |  0
| 494|0x00000000a2c00000, 0x00000000a2c00000, 0x00000000a2d00000|  0%| F|  |TAMS 0x00000000a2c00000| PB 0x00000000a2c00000| Untracked |  0
| 495|0x00000000a2d00000, 0x00000000a2d00000, 0x00000000a2e00000|  0%| F|  |TAMS 0x00000000a2d00000| PB 0x00000000a2d00000| Untracked |  0
| 496|0x00000000a2e00000, 0x00000000a2e00000, 0x00000000a2f00000|  0%| F|  |TAMS 0x00000000a2e00000| PB 0x00000000a2e00000| Untracked |  0
| 497|0x00000000a2f00000, 0x00000000a2f00000, 0x00000000a3000000|  0%| F|  |TAMS 0x00000000a2f00000| PB 0x00000000a2f00000| Untracked |  0
| 498|0x00000000a3000000, 0x00000000a3000000, 0x00000000a3100000|  0%| F|  |TAMS 0x00000000a3000000| PB 0x00000000a3000000| Untracked |  0
| 499|0x00000000a3100000, 0x00000000a3100000, 0x00000000a3200000|  0%| F|  |TAMS 0x00000000a3100000| PB 0x00000000a3100000| Untracked |  0
| 500|0x00000000a3200000, 0x00000000a3200000, 0x00000000a3300000|  0%| F|  |TAMS 0x00000000a3200000| PB 0x00000000a3200000| Untracked |  0
| 501|0x00000000a3300000, 0x00000000a3300000, 0x00000000a3400000|  0%| F|  |TAMS 0x00000000a3300000| PB 0x00000000a3300000| Untracked |  0
| 502|0x00000000a3400000, 0x00000000a3400000, 0x00000000a3500000|  0%| F|  |TAMS 0x00000000a3400000| PB 0x00000000a3400000| Untracked |  0
| 503|0x00000000a3500000, 0x00000000a3500000, 0x00000000a3600000|  0%| F|  |TAMS 0x00000000a3500000| PB 0x00000000a3500000| Untracked |  0
| 504|0x00000000a3600000, 0x00000000a3600000, 0x00000000a3700000|  0%| F|  |TAMS 0x00000000a3600000| PB 0x00000000a3600000| Untracked |  0
| 505|0x00000000a3700000, 0x00000000a3700000, 0x00000000a3800000|  0%| F|  |TAMS 0x00000000a3700000| PB 0x00000000a3700000| Untracked |  0
| 506|0x00000000a3800000, 0x00000000a3800000, 0x00000000a3900000|  0%| F|  |TAMS 0x00000000a3800000| PB 0x00000000a3800000| Untracked |  0
| 507|0x00000000a3900000, 0x00000000a3900000, 0x00000000a3a00000|  0%| F|  |TAMS 0x00000000a3900000| PB 0x00000000a3900000| Untracked |  0
| 508|0x00000000a3a00000, 0x00000000a3a00000, 0x00000000a3b00000|  0%| F|  |TAMS 0x00000000a3a00000| PB 0x00000000a3a00000| Untracked |  0
| 509|0x00000000a3b00000, 0x00000000a3b00000, 0x00000000a3c00000|  0%| F|  |TAMS 0x00000000a3b00000| PB 0x00000000a3b00000| Untracked |  0
| 510|0x00000000a3c00000, 0x00000000a3c00000, 0x00000000a3d00000|  0%| F|  |TAMS 0x00000000a3c00000| PB 0x00000000a3c00000| Untracked |  0
| 511|0x00000000a3d00000, 0x00000000a3d00000, 0x00000000a3e00000|  0%| F|  |TAMS 0x00000000a3d00000| PB 0x00000000a3d00000| Untracked |  0
| 512|0x00000000a3e00000, 0x00000000a3e00000, 0x00000000a3f00000|  0%| F|  |TAMS 0x00000000a3e00000| PB 0x00000000a3e00000| Untracked |  0
| 513|0x00000000a3f00000, 0x00000000a3f00000, 0x00000000a4000000|  0%| F|  |TAMS 0x00000000a3f00000| PB 0x00000000a3f00000| Untracked |  0
| 514|0x00000000a4000000, 0x00000000a4000000, 0x00000000a4100000|  0%| F|  |TAMS 0x00000000a4000000| PB 0x00000000a4000000| Untracked |  0
| 515|0x00000000a4100000, 0x00000000a4100000, 0x00000000a4200000|  0%| F|  |TAMS 0x00000000a4100000| PB 0x00000000a4100000| Untracked |  0
| 516|0x00000000a4200000, 0x00000000a4200000, 0x00000000a4300000|  0%| F|  |TAMS 0x00000000a4200000| PB 0x00000000a4200000| Untracked |  0
| 517|0x00000000a4300000, 0x00000000a4300000, 0x00000000a4400000|  0%| F|  |TAMS 0x00000000a4300000| PB 0x00000000a4300000| Untracked |  0
| 518|0x00000000a4400000, 0x00000000a4400000, 0x00000000a4500000|  0%| F|  |TAMS 0x00000000a4400000| PB 0x00000000a4400000| Untracked |  0
| 519|0x00000000a4500000, 0x00000000a4500000, 0x00000000a4600000|  0%| F|  |TAMS 0x00000000a4500000| PB 0x00000000a4500000| Untracked |  0
| 520|0x00000000a4600000, 0x00000000a4600000, 0x00000000a4700000|  0%| F|  |TAMS 0x00000000a4600000| PB 0x00000000a4600000| Untracked |  0
| 521|0x00000000a4700000, 0x00000000a4700000, 0x00000000a4800000|  0%| F|  |TAMS 0x00000000a4700000| PB 0x00000000a4700000| Untracked |  0
| 522|0x00000000a4800000, 0x00000000a4800000, 0x00000000a4900000|  0%| F|  |TAMS 0x00000000a4800000| PB 0x00000000a4800000| Untracked |  0
| 523|0x00000000a4900000, 0x00000000a4900000, 0x00000000a4a00000|  0%| F|  |TAMS 0x00000000a4900000| PB 0x00000000a4900000| Untracked |  0
| 524|0x00000000a4a00000, 0x00000000a4a00000, 0x00000000a4b00000|  0%| F|  |TAMS 0x00000000a4a00000| PB 0x00000000a4a00000| Untracked |  0
| 525|0x00000000a4b00000, 0x00000000a4b00000, 0x00000000a4c00000|  0%| F|  |TAMS 0x00000000a4b00000| PB 0x00000000a4b00000| Untracked |  0
| 526|0x00000000a4c00000, 0x00000000a4c00000, 0x00000000a4d00000|  0%| F|  |TAMS 0x00000000a4c00000| PB 0x00000000a4c00000| Untracked |  0
| 527|0x00000000a4d00000, 0x00000000a4d00000, 0x00000000a4e00000|  0%| F|  |TAMS 0x00000000a4d00000| PB 0x00000000a4d00000| Untracked |  0
| 528|0x00000000a4e00000, 0x00000000a4e00000, 0x00000000a4f00000|  0%| F|  |TAMS 0x00000000a4e00000| PB 0x00000000a4e00000| Untracked |  0
| 529|0x00000000a4f00000, 0x00000000a4f00000, 0x00000000a5000000|  0%| F|  |TAMS 0x00000000a4f00000| PB 0x00000000a4f00000| Untracked |  0
| 530|0x00000000a5000000, 0x00000000a5000000, 0x00000000a5100000|  0%| F|  |TAMS 0x00000000a5000000| PB 0x00000000a5000000| Untracked |  0
| 531|0x00000000a5100000, 0x00000000a5100000, 0x00000000a5200000|  0%| F|  |TAMS 0x00000000a5100000| PB 0x00000000a5100000| Untracked |  0
| 532|0x00000000a5200000, 0x00000000a5200000, 0x00000000a5300000|  0%| F|  |TAMS 0x00000000a5200000| PB 0x00000000a5200000| Untracked |  0
| 533|0x00000000a5300000, 0x00000000a5300000, 0x00000000a5400000|  0%| F|  |TAMS 0x00000000a5300000| PB 0x00000000a5300000| Untracked |  0
| 534|0x00000000a5400000, 0x00000000a5400000, 0x00000000a5500000|  0%| F|  |TAMS 0x00000000a5400000| PB 0x00000000a5400000| Untracked |  0
| 535|0x00000000a5500000, 0x00000000a5500000, 0x00000000a5600000|  0%| F|  |TAMS 0x00000000a5500000| PB 0x00000000a5500000| Untracked |  0
| 536|0x00000000a5600000, 0x00000000a5600000, 0x00000000a5700000|  0%| F|  |TAMS 0x00000000a5600000| PB 0x00000000a5600000| Untracked |  0
| 537|0x00000000a5700000, 0x00000000a5700000, 0x00000000a5800000|  0%| F|  |TAMS 0x00000000a5700000| PB 0x00000000a5700000| Untracked |  0
| 538|0x00000000a5800000, 0x00000000a5800000, 0x00000000a5900000|  0%| F|  |TAMS 0x00000000a5800000| PB 0x00000000a5800000| Untracked |  0
| 539|0x00000000a5900000, 0x00000000a5900000, 0x00000000a5a00000|  0%| F|  |TAMS 0x00000000a5900000| PB 0x00000000a5900000| Untracked |  0
| 540|0x00000000a5a00000, 0x00000000a5a00000, 0x00000000a5b00000|  0%| F|  |TAMS 0x00000000a5a00000| PB 0x00000000a5a00000| Untracked |  0
| 541|0x00000000a5b00000, 0x00000000a5b00000, 0x00000000a5c00000|  0%| F|  |TAMS 0x00000000a5b00000| PB 0x00000000a5b00000| Untracked |  0
| 542|0x00000000a5c00000, 0x00000000a5c00000, 0x00000000a5d00000|  0%| F|  |TAMS 0x00000000a5c00000| PB 0x00000000a5c00000| Untracked |  0
| 543|0x00000000a5d00000, 0x00000000a5d00000, 0x00000000a5e00000|  0%| F|  |TAMS 0x00000000a5d00000| PB 0x00000000a5d00000| Untracked |  0
| 544|0x00000000a5e00000, 0x00000000a5e00000, 0x00000000a5f00000|  0%| F|  |TAMS 0x00000000a5e00000| PB 0x00000000a5e00000| Untracked |  0
| 545|0x00000000a5f00000, 0x00000000a5f00000, 0x00000000a6000000|  0%| F|  |TAMS 0x00000000a5f00000| PB 0x00000000a5f00000| Untracked |  0
| 546|0x00000000a6000000, 0x00000000a6000000, 0x00000000a6100000|  0%| F|  |TAMS 0x00000000a6000000| PB 0x00000000a6000000| Untracked |  0
| 547|0x00000000a6100000, 0x00000000a6100000, 0x00000000a6200000|  0%| F|  |TAMS 0x00000000a6100000| PB 0x00000000a6100000| Untracked |  0
| 548|0x00000000a6200000, 0x00000000a6200000, 0x00000000a6300000|  0%| F|  |TAMS 0x00000000a6200000| PB 0x00000000a6200000| Untracked |  0
| 549|0x00000000a6300000, 0x00000000a6300000, 0x00000000a6400000|  0%| F|  |TAMS 0x00000000a6300000| PB 0x00000000a6300000| Untracked |  0
| 550|0x00000000a6400000, 0x00000000a6400000, 0x00000000a6500000|  0%| F|  |TAMS 0x00000000a6400000| PB 0x00000000a6400000| Untracked |  0
| 551|0x00000000a6500000, 0x00000000a6500000, 0x00000000a6600000|  0%| F|  |TAMS 0x00000000a6500000| PB 0x00000000a6500000| Untracked |  0
| 552|0x00000000a6600000, 0x00000000a6600000, 0x00000000a6700000|  0%| F|  |TAMS 0x00000000a6600000| PB 0x00000000a6600000| Untracked |  0
| 553|0x00000000a6700000, 0x00000000a6700000, 0x00000000a6800000|  0%| F|  |TAMS 0x00000000a6700000| PB 0x00000000a6700000| Untracked |  0
| 554|0x00000000a6800000, 0x00000000a6800000, 0x00000000a6900000|  0%| F|  |TAMS 0x00000000a6800000| PB 0x00000000a6800000| Untracked |  0
| 555|0x00000000a6900000, 0x00000000a6900000, 0x00000000a6a00000|  0%| F|  |TAMS 0x00000000a6900000| PB 0x00000000a6900000| Untracked |  0
| 556|0x00000000a6a00000, 0x00000000a6a00000, 0x00000000a6b00000|  0%| F|  |TAMS 0x00000000a6a00000| PB 0x00000000a6a00000| Untracked |  0
| 557|0x00000000a6b00000, 0x00000000a6b00000, 0x00000000a6c00000|  0%| F|  |TAMS 0x00000000a6b00000| PB 0x00000000a6b00000| Untracked |  0
| 558|0x00000000a6c00000, 0x00000000a6c00000, 0x00000000a6d00000|  0%| F|  |TAMS 0x00000000a6c00000| PB 0x00000000a6c00000| Untracked |  0
| 559|0x00000000a6d00000, 0x00000000a6d00000, 0x00000000a6e00000|  0%| F|  |TAMS 0x00000000a6d00000| PB 0x00000000a6d00000| Untracked |  0
| 560|0x00000000a6e00000, 0x00000000a6e00000, 0x00000000a6f00000|  0%| F|  |TAMS 0x00000000a6e00000| PB 0x00000000a6e00000| Untracked |  0
| 561|0x00000000a6f00000, 0x00000000a6f00000, 0x00000000a7000000|  0%| F|  |TAMS 0x00000000a6f00000| PB 0x00000000a6f00000| Untracked |  0
| 562|0x00000000a7000000, 0x00000000a7000000, 0x00000000a7100000|  0%| F|  |TAMS 0x00000000a7000000| PB 0x00000000a7000000| Untracked |  0
| 563|0x00000000a7100000, 0x00000000a7100000, 0x00000000a7200000|  0%| F|  |TAMS 0x00000000a7100000| PB 0x00000000a7100000| Untracked |  0
| 564|0x00000000a7200000, 0x00000000a7200000, 0x00000000a7300000|  0%| F|  |TAMS 0x00000000a7200000| PB 0x00000000a7200000| Untracked |  0
| 565|0x00000000a7300000, 0x00000000a7300000, 0x00000000a7400000|  0%| F|  |TAMS 0x00000000a7300000| PB 0x00000000a7300000| Untracked |  0
| 566|0x00000000a7400000, 0x00000000a7400000, 0x00000000a7500000|  0%| F|  |TAMS 0x00000000a7400000| PB 0x00000000a7400000| Untracked |  0
| 567|0x00000000a7500000, 0x00000000a7500000, 0x00000000a7600000|  0%| F|  |TAMS 0x00000000a7500000| PB 0x00000000a7500000| Untracked |  0
| 568|0x00000000a7600000, 0x00000000a7600000, 0x00000000a7700000|  0%| F|  |TAMS 0x00000000a7600000| PB 0x00000000a7600000| Untracked |  0
| 569|0x00000000a7700000, 0x00000000a7700000, 0x00000000a7800000|  0%| F|  |TAMS 0x00000000a7700000| PB 0x00000000a7700000| Untracked |  0
| 570|0x00000000a7800000, 0x00000000a7800000, 0x00000000a7900000|  0%| F|  |TAMS 0x00000000a7800000| PB 0x00000000a7800000| Untracked |  0
| 571|0x00000000a7900000, 0x00000000a7900000, 0x00000000a7a00000|  0%| F|  |TAMS 0x00000000a7900000| PB 0x00000000a7900000| Untracked |  0
| 572|0x00000000a7a00000, 0x00000000a7a00000, 0x00000000a7b00000|  0%| F|  |TAMS 0x00000000a7a00000| PB 0x00000000a7a00000| Untracked |  0
| 573|0x00000000a7b00000, 0x00000000a7b00000, 0x00000000a7c00000|  0%| F|  |TAMS 0x00000000a7b00000| PB 0x00000000a7b00000| Untracked |  0
| 574|0x00000000a7c00000, 0x00000000a7c00000, 0x00000000a7d00000|  0%| F|  |TAMS 0x00000000a7c00000| PB 0x00000000a7c00000| Untracked |  0
| 575|0x00000000a7d00000, 0x00000000a7d00000, 0x00000000a7e00000|  0%| F|  |TAMS 0x00000000a7d00000| PB 0x00000000a7d00000| Untracked |  0
| 576|0x00000000a7e00000, 0x00000000a7e00000, 0x00000000a7f00000|  0%| F|  |TAMS 0x00000000a7e00000| PB 0x00000000a7e00000| Untracked |  0
| 577|0x00000000a7f00000, 0x00000000a7f00000, 0x00000000a8000000|  0%| F|  |TAMS 0x00000000a7f00000| PB 0x00000000a7f00000| Untracked |  0
| 578|0x00000000a8000000, 0x00000000a8000000, 0x00000000a8100000|  0%| F|  |TAMS 0x00000000a8000000| PB 0x00000000a8000000| Untracked |  0
| 579|0x00000000a8100000, 0x00000000a8100000, 0x00000000a8200000|  0%| F|  |TAMS 0x00000000a8100000| PB 0x00000000a8100000| Untracked |  0
| 580|0x00000000a8200000, 0x00000000a8200000, 0x00000000a8300000|  0%| F|  |TAMS 0x00000000a8200000| PB 0x00000000a8200000| Untracked |  0
| 581|0x00000000a8300000, 0x00000000a8300000, 0x00000000a8400000|  0%| F|  |TAMS 0x00000000a8300000| PB 0x00000000a8300000| Untracked |  0
| 582|0x00000000a8400000, 0x00000000a8400000, 0x00000000a8500000|  0%| F|  |TAMS 0x00000000a8400000| PB 0x00000000a8400000| Untracked |  0
| 583|0x00000000a8500000, 0x00000000a8500000, 0x00000000a8600000|  0%| F|  |TAMS 0x00000000a8500000| PB 0x00000000a8500000| Untracked |  0
| 584|0x00000000a8600000, 0x00000000a8600000, 0x00000000a8700000|  0%| F|  |TAMS 0x00000000a8600000| PB 0x00000000a8600000| Untracked |  0
| 585|0x00000000a8700000, 0x00000000a8700000, 0x00000000a8800000|  0%| F|  |TAMS 0x00000000a8700000| PB 0x00000000a8700000| Untracked |  0
| 586|0x00000000a8800000, 0x00000000a8800000, 0x00000000a8900000|  0%| F|  |TAMS 0x00000000a8800000| PB 0x00000000a8800000| Untracked |  0
| 587|0x00000000a8900000, 0x00000000a8900000, 0x00000000a8a00000|  0%| F|  |TAMS 0x00000000a8900000| PB 0x00000000a8900000| Untracked |  0
| 588|0x00000000a8a00000, 0x00000000a8a00000, 0x00000000a8b00000|  0%| F|  |TAMS 0x00000000a8a00000| PB 0x00000000a8a00000| Untracked |  0
| 589|0x00000000a8b00000, 0x00000000a8b00000, 0x00000000a8c00000|  0%| F|  |TAMS 0x00000000a8b00000| PB 0x00000000a8b00000| Untracked |  0
| 590|0x00000000a8c00000, 0x00000000a8c00000, 0x00000000a8d00000|  0%| F|  |TAMS 0x00000000a8c00000| PB 0x00000000a8c00000| Untracked |  0
| 591|0x00000000a8d00000, 0x00000000a8d00000, 0x00000000a8e00000|  0%| F|  |TAMS 0x00000000a8d00000| PB 0x00000000a8d00000| Untracked |  0
| 592|0x00000000a8e00000, 0x00000000a8e00000, 0x00000000a8f00000|  0%| F|  |TAMS 0x00000000a8e00000| PB 0x00000000a8e00000| Untracked |  0
| 593|0x00000000a8f00000, 0x00000000a8f00000, 0x00000000a9000000|  0%| F|  |TAMS 0x00000000a8f00000| PB 0x00000000a8f00000| Untracked |  0
| 594|0x00000000a9000000, 0x00000000a9000000, 0x00000000a9100000|  0%| F|  |TAMS 0x00000000a9000000| PB 0x00000000a9000000| Untracked |  0
| 595|0x00000000a9100000, 0x00000000a9100000, 0x00000000a9200000|  0%| F|  |TAMS 0x00000000a9100000| PB 0x00000000a9100000| Untracked |  0
| 596|0x00000000a9200000, 0x00000000a9200000, 0x00000000a9300000|  0%| F|  |TAMS 0x00000000a9200000| PB 0x00000000a9200000| Untracked |  0
| 597|0x00000000a9300000, 0x00000000a9300000, 0x00000000a9400000|  0%| F|  |TAMS 0x00000000a9300000| PB 0x00000000a9300000| Untracked |  0
| 598|0x00000000a9400000, 0x00000000a9400000, 0x00000000a9500000|  0%| F|  |TAMS 0x00000000a9400000| PB 0x00000000a9400000| Untracked |  0
| 599|0x00000000a9500000, 0x00000000a9500000, 0x00000000a9600000|  0%| F|  |TAMS 0x00000000a9500000| PB 0x00000000a9500000| Untracked |  0
| 600|0x00000000a9600000, 0x00000000a9600000, 0x00000000a9700000|  0%| F|  |TAMS 0x00000000a9600000| PB 0x00000000a9600000| Untracked |  0
| 601|0x00000000a9700000, 0x00000000a9700000, 0x00000000a9800000|  0%| F|  |TAMS 0x00000000a9700000| PB 0x00000000a9700000| Untracked |  0
| 602|0x00000000a9800000, 0x00000000a9800000, 0x00000000a9900000|  0%| F|  |TAMS 0x00000000a9800000| PB 0x00000000a9800000| Untracked |  0
| 603|0x00000000a9900000, 0x00000000a9900000, 0x00000000a9a00000|  0%| F|  |TAMS 0x00000000a9900000| PB 0x00000000a9900000| Untracked |  0
| 604|0x00000000a9a00000, 0x00000000a9a00000, 0x00000000a9b00000|  0%| F|  |TAMS 0x00000000a9a00000| PB 0x00000000a9a00000| Untracked |  0
| 605|0x00000000a9b00000, 0x00000000a9b00000, 0x00000000a9c00000|  0%| F|  |TAMS 0x00000000a9b00000| PB 0x00000000a9b00000| Untracked |  0
| 606|0x00000000a9c00000, 0x00000000a9c00000, 0x00000000a9d00000|  0%| F|  |TAMS 0x00000000a9c00000| PB 0x00000000a9c00000| Untracked |  0
| 607|0x00000000a9d00000, 0x00000000a9d00000, 0x00000000a9e00000|  0%| F|  |TAMS 0x00000000a9d00000| PB 0x00000000a9d00000| Untracked |  0
| 608|0x00000000a9e00000, 0x00000000a9e00000, 0x00000000a9f00000|  0%| F|  |TAMS 0x00000000a9e00000| PB 0x00000000a9e00000| Untracked |  0
| 609|0x00000000a9f00000, 0x00000000a9f00000, 0x00000000aa000000|  0%| F|  |TAMS 0x00000000a9f00000| PB 0x00000000a9f00000| Untracked |  0
| 610|0x00000000aa000000, 0x00000000aa000000, 0x00000000aa100000|  0%| F|  |TAMS 0x00000000aa000000| PB 0x00000000aa000000| Untracked |  0
| 611|0x00000000aa100000, 0x00000000aa100000, 0x00000000aa200000|  0%| F|  |TAMS 0x00000000aa100000| PB 0x00000000aa100000| Untracked |  0
| 612|0x00000000aa200000, 0x00000000aa200000, 0x00000000aa300000|  0%| F|  |TAMS 0x00000000aa200000| PB 0x00000000aa200000| Untracked |  0
| 613|0x00000000aa300000, 0x00000000aa300000, 0x00000000aa400000|  0%| F|  |TAMS 0x00000000aa300000| PB 0x00000000aa300000| Untracked |  0
| 614|0x00000000aa400000, 0x00000000aa400000, 0x00000000aa500000|  0%| F|  |TAMS 0x00000000aa400000| PB 0x00000000aa400000| Untracked |  0
| 615|0x00000000aa500000, 0x00000000aa500000, 0x00000000aa600000|  0%| F|  |TAMS 0x00000000aa500000| PB 0x00000000aa500000| Untracked |  0
| 616|0x00000000aa600000, 0x00000000aa600000, 0x00000000aa700000|  0%| F|  |TAMS 0x00000000aa600000| PB 0x00000000aa600000| Untracked |  0
| 617|0x00000000aa700000, 0x00000000aa700000, 0x00000000aa800000|  0%| F|  |TAMS 0x00000000aa700000| PB 0x00000000aa700000| Untracked |  0
| 618|0x00000000aa800000, 0x00000000aa800000, 0x00000000aa900000|  0%| F|  |TAMS 0x00000000aa800000| PB 0x00000000aa800000| Untracked |  0
| 619|0x00000000aa900000, 0x00000000aa900000, 0x00000000aaa00000|  0%| F|  |TAMS 0x00000000aa900000| PB 0x00000000aa900000| Untracked |  0
| 620|0x00000000aaa00000, 0x00000000aaa00000, 0x00000000aab00000|  0%| F|  |TAMS 0x00000000aaa00000| PB 0x00000000aaa00000| Untracked |  0
| 621|0x00000000aab00000, 0x00000000aab00000, 0x00000000aac00000|  0%| F|  |TAMS 0x00000000aab00000| PB 0x00000000aab00000| Untracked |  0
| 622|0x00000000aac00000, 0x00000000aac00000, 0x00000000aad00000|  0%| F|  |TAMS 0x00000000aac00000| PB 0x00000000aac00000| Untracked |  0
| 623|0x00000000aad00000, 0x00000000aad00000, 0x00000000aae00000|  0%| F|  |TAMS 0x00000000aad00000| PB 0x00000000aad00000| Untracked |  0
| 624|0x00000000aae00000, 0x00000000aae00000, 0x00000000aaf00000|  0%| F|  |TAMS 0x00000000aae00000| PB 0x00000000aae00000| Untracked |  0
| 625|0x00000000aaf00000, 0x00000000aaf00000, 0x00000000ab000000|  0%| F|  |TAMS 0x00000000aaf00000| PB 0x00000000aaf00000| Untracked |  0
| 626|0x00000000ab000000, 0x00000000ab000000, 0x00000000ab100000|  0%| F|  |TAMS 0x00000000ab000000| PB 0x00000000ab000000| Untracked |  0
| 627|0x00000000ab100000, 0x00000000ab100000, 0x00000000ab200000|  0%| F|  |TAMS 0x00000000ab100000| PB 0x00000000ab100000| Untracked |  0
| 628|0x00000000ab200000, 0x00000000ab200000, 0x00000000ab300000|  0%| F|  |TAMS 0x00000000ab200000| PB 0x00000000ab200000| Untracked |  0
| 629|0x00000000ab300000, 0x00000000ab300000, 0x00000000ab400000|  0%| F|  |TAMS 0x00000000ab300000| PB 0x00000000ab300000| Untracked |  0
| 630|0x00000000ab400000, 0x00000000ab400000, 0x00000000ab500000|  0%| F|  |TAMS 0x00000000ab400000| PB 0x00000000ab400000| Untracked |  0
| 631|0x00000000ab500000, 0x00000000ab500000, 0x00000000ab600000|  0%| F|  |TAMS 0x00000000ab500000| PB 0x00000000ab500000| Untracked |  0
| 632|0x00000000ab600000, 0x00000000ab600000, 0x00000000ab700000|  0%| F|  |TAMS 0x00000000ab600000| PB 0x00000000ab600000| Untracked |  0
| 633|0x00000000ab700000, 0x00000000ab700000, 0x00000000ab800000|  0%| F|  |TAMS 0x00000000ab700000| PB 0x00000000ab700000| Untracked |  0
| 634|0x00000000ab800000, 0x00000000ab800000, 0x00000000ab900000|  0%| F|  |TAMS 0x00000000ab800000| PB 0x00000000ab800000| Untracked |  0
| 635|0x00000000ab900000, 0x00000000ab900000, 0x00000000aba00000|  0%| F|  |TAMS 0x00000000ab900000| PB 0x00000000ab900000| Untracked |  0
| 636|0x00000000aba00000, 0x00000000aba00000, 0x00000000abb00000|  0%| F|  |TAMS 0x00000000aba00000| PB 0x00000000aba00000| Untracked |  0
| 637|0x00000000abb00000, 0x00000000abb00000, 0x00000000abc00000|  0%| F|  |TAMS 0x00000000abb00000| PB 0x00000000abb00000| Untracked |  0
| 638|0x00000000abc00000, 0x00000000abc00000, 0x00000000abd00000|  0%| F|  |TAMS 0x00000000abc00000| PB 0x00000000abc00000| Untracked |  0
| 639|0x00000000abd00000, 0x00000000abd00000, 0x00000000abe00000|  0%| F|  |TAMS 0x00000000abd00000| PB 0x00000000abd00000| Untracked |  0
| 640|0x00000000abe00000, 0x00000000abe00000, 0x00000000abf00000|  0%| F|  |TAMS 0x00000000abe00000| PB 0x00000000abe00000| Untracked |  0
| 641|0x00000000abf00000, 0x00000000abf00000, 0x00000000ac000000|  0%| F|  |TAMS 0x00000000abf00000| PB 0x00000000abf00000| Untracked |  0
| 642|0x00000000ac000000, 0x00000000ac000000, 0x00000000ac100000|  0%| F|  |TAMS 0x00000000ac000000| PB 0x00000000ac000000| Untracked |  0
| 643|0x00000000ac100000, 0x00000000ac100000, 0x00000000ac200000|  0%| F|  |TAMS 0x00000000ac100000| PB 0x00000000ac100000| Untracked |  0
| 644|0x00000000ac200000, 0x00000000ac200000, 0x00000000ac300000|  0%| F|  |TAMS 0x00000000ac200000| PB 0x00000000ac200000| Untracked |  0
| 645|0x00000000ac300000, 0x00000000ac300000, 0x00000000ac400000|  0%| F|  |TAMS 0x00000000ac300000| PB 0x00000000ac300000| Untracked |  0
| 646|0x00000000ac400000, 0x00000000ac400000, 0x00000000ac500000|  0%| F|  |TAMS 0x00000000ac400000| PB 0x00000000ac400000| Untracked |  0
| 705|0x00000000aff00000, 0x00000000aff00000, 0x00000000b0000000|  0%| F|  |TAMS 0x00000000aff00000| PB 0x00000000aff00000| Untracked |  0
| 706|0x00000000b0000000, 0x00000000b0000000, 0x00000000b0100000|  0%| F|  |TAMS 0x00000000b0000000| PB 0x00000000b0000000| Untracked |  0
| 707|0x00000000b0100000, 0x00000000b0100000, 0x00000000b0200000|  0%| F|  |TAMS 0x00000000b0100000| PB 0x00000000b0100000| Untracked |  0
| 708|0x00000000b0200000, 0x00000000b0200000, 0x00000000b0300000|  0%| F|  |TAMS 0x00000000b0200000| PB 0x00000000b0200000| Untracked |  0
| 709|0x00000000b0300000, 0x00000000b0300000, 0x00000000b0400000|  0%| F|  |TAMS 0x00000000b0300000| PB 0x00000000b0300000| Untracked |  0
| 710|0x00000000b0400000, 0x00000000b0400000, 0x00000000b0500000|  0%| F|  |TAMS 0x00000000b0400000| PB 0x00000000b0400000| Untracked |  0
| 711|0x00000000b0500000, 0x00000000b0500000, 0x00000000b0600000|  0%| F|  |TAMS 0x00000000b0500000| PB 0x00000000b0500000| Untracked |  0
| 712|0x00000000b0600000, 0x00000000b0600000, 0x00000000b0700000|  0%| F|  |TAMS 0x00000000b0600000| PB 0x00000000b0600000| Untracked |  0
| 730|0x00000000b1800000, 0x00000000b1800000, 0x00000000b1900000|  0%| F|  |TAMS 0x00000000b1800000| PB 0x00000000b1800000| Untracked |  0
|1971|0x00000000ff100000, 0x00000000ff100000, 0x00000000ff200000|  0%| F|  |TAMS 0x00000000ff100000| PB 0x00000000ff100000| Untracked |  0
|1972|0x00000000ff200000, 0x00000000ff200000, 0x00000000ff300000|  0%| F|  |TAMS 0x00000000ff200000| PB 0x00000000ff200000| Untracked |  0
|1973|0x00000000ff300000, 0x00000000ff300000, 0x00000000ff400000|  0%| F|  |TAMS 0x00000000ff300000| PB 0x00000000ff300000| Untracked |  0
|1974|0x00000000ff400000, 0x00000000ff400000, 0x00000000ff500000|  0%| F|  |TAMS 0x00000000ff400000| PB 0x00000000ff400000| Untracked |  0
|1975|0x00000000ff500000, 0x00000000ff500000, 0x00000000ff600000|  0%| F|  |TAMS 0x00000000ff500000| PB 0x00000000ff500000| Untracked |  0
|1976|0x00000000ff600000, 0x00000000ff600000, 0x00000000ff700000|  0%| F|  |TAMS 0x00000000ff600000| PB 0x00000000ff600000| Untracked |  0
|1977|0x00000000ff700000, 0x00000000ff700000, 0x00000000ff800000|  0%| F|  |TAMS 0x00000000ff700000| PB 0x00000000ff700000| Untracked |  0
|1978|0x00000000ff800000, 0x00000000ff800000, 0x00000000ff900000|  0%| F|  |TAMS 0x00000000ff800000| PB 0x00000000ff800000| Untracked |  0
|1979|0x00000000ff900000, 0x00000000ff900000, 0x00000000ffa00000|  0%| F|  |TAMS 0x00000000ff900000| PB 0x00000000ff900000| Untracked |  0
|1980|0x00000000ffa00000, 0x00000000ffa00000, 0x00000000ffb00000|  0%| F|  |TAMS 0x00000000ffa00000| PB 0x00000000ffa00000| Untracked |  0
|1981|0x00000000ffb00000, 0x00000000ffb00000, 0x00000000ffc00000|  0%| F|  |TAMS 0x00000000ffb00000| PB 0x00000000ffb00000| Untracked |  0
|1982|0x00000000ffc00000, 0x00000000ffc00000, 0x00000000ffd00000|  0%| F|  |TAMS 0x00000000ffc00000| PB 0x00000000ffc00000| Untracked |  0
|1983|0x00000000ffd00000, 0x00000000ffd00000, 0x00000000ffe00000|  0%| F|  |TAMS 0x00000000ffd00000| PB 0x00000000ffd00000| Untracked |  0
|1984|0x00000000ffe00000, 0x00000000fff00000, 0x00000000fff00000|100%| O|  |TAMS 0x00000000ffe00000| PB 0x00000000ffe00000| Untracked |  0
|1985|0x00000000fff00000, 0x00000000fff00000, 0x0000000100000000|  0%| F|  |TAMS 0x00000000fff00000| PB 0x00000000fff00000| Untracked |  0

Card table byte_map: [0x00000211aa380000,0x00000211aa770000] _byte_map_base: 0x00000211a9f61000

Marking Bits: (CMBitMap*) 0x000002119e650d30
 Bits: [0x00000211aa770000, 0x00000211ac678000)

Polling page: 0x000002119ddb0000

Metaspace:

Usage:
  Non-class:     83.31 MB used.
      Class:     11.56 MB used.
       Both:     94.87 MB used.

Virtual space:
  Non-class space:      128.00 MB reserved,      84.19 MB ( 66%) committed,  2 nodes.
      Class space:        1.00 GB reserved,      12.06 MB (  1%) committed,  1 nodes.
             Both:        1.12 GB reserved,      96.25 MB (  8%) committed. 

Chunk freelists:
   Non-Class:  11.67 MB
       Class:  3.96 MB
        Both:  15.63 MB

MaxMetaspaceSize: unlimited
CompressedClassSpaceSize: 1.00 GB
Initial GC threshold: 21.00 MB
Current GC threshold: 160.25 MB
CDS: on
 - commit_granule_bytes: 65536.
 - commit_granule_words: 8192.
 - virtual_space_node_default_size: 8388608.
 - enlarge_chunks_in_place: 1.
UseCompressedClassPointers 1, UseCompactObjectHeaders 0
Narrow klass pointer bits 32, Max shift 3
Narrow klass base: 0x00000211b0000000, Narrow klass shift: 0
Encoding Range: [0x00000211b0000000 - 0x00000212b0000000), (4294967296 bytes)
Klass Range:    [0x00000211b0000000 - 0x00000211f1000000), (1090519040 bytes)
Klass ID Range:  [8 - 1090519033) (1090519025)


Internal statistics:

num_allocs_failed_limit: 9.
num_arena_births: 2908.
num_arena_deaths: 1780.
num_vsnodes_births: 3.
num_vsnodes_deaths: 0.
num_space_committed: 1540.
num_space_uncommitted: 0.
num_chunks_returned_to_freelist: 2053.
num_chunks_taken_from_freelist: 6991.
num_chunk_merges: 475.
num_chunk_splits: 4451.
num_chunks_enlarged: 3355.
num_inconsistent_stats: 0.

CodeCache: size=49152Kb used=5823Kb max_used=20498Kb free=43329Kb
 bounds [0x00000211a6e80000, 0x00000211a8290000, 0x00000211a9e80000]
 total_blobs=3598, nmethods=2755, adapters=768, full_count=0
Compilation: enabled, stopped_count=0, restarted_count=0

Compilation events (20 events):
Event: 3733.959 Thread 0x00000211fc8dc320 nmethod 38193 0x00000211a7735d08 code [0x00000211a7735e20, 0x00000211a7735ef8]
Event: 3733.959 Thread 0x00000211fc8dc320 38194   !   1       org.apache.logging.log4j.message.ParameterizedMessage::getFormattedMessage (128 bytes)
Event: 3733.959 Thread 0x00000211af478a50 38156       1       com.sun.org.apache.xerces.internal.jaxp.DocumentBuilderImpl::setErrorHandler (9 bytes)
Event: 3733.959 Thread 0x00000211af478a50 nmethod 38156 0x00000211a7735a08 code [0x00000211a7735b20, 0x00000211a7735c10]
Event: 3733.959 Thread 0x00000211af478a50 38162       1       org.apache.poi.util.XMLHelper$DocHelperErrorHandler::<init> (5 bytes)
Event: 3733.959 Thread 0x00000211af478a50 nmethod 38162 0x00000211a773de88 code [0x00000211a773df80, 0x00000211a773e040]
Event: 3733.959 Thread 0x00000211fc8dc320 nmethod 38194 0x00000211a77ade08 code [0x00000211a77adf40, 0x00000211a77ae1d0]
Event: 3733.960 Thread 0x00000211af1bccf0 nmethod 38192 0x00000211a7178288 code [0x00000211a71784c0, 0x00000211a7178d68]
Event: 3733.965 Thread 0x00000211fc8dc320 38196       1       java.lang.invoke.LambdaForm$MH/0x00000211b1af9400::invoke (39 bytes)
Event: 3733.965 Thread 0x00000211af1bccf0 38197       1       org.openxmlformats.schemas.spreadsheetml.x2006.main.impl.CTFillImpl::<init> (6 bytes)
Event: 3733.965 Thread 0x00000211af1bccf0 nmethod 38197 0x00000211a773db88 code [0x00000211a773dca0, 0x00000211a773de20]
Event: 3733.966 Thread 0x00000211fc8dc320 nmethod 38196 0x00000211a77aff88 code [0x00000211a77b00e0, 0x00000211a77b03e8]
Event: 3734.377 Thread 0x00000211af1bccf0 38198   !   1       org.apache.xmlbeans.impl.store.Locale::verifyDocumentType (278 bytes)
Event: 3734.380 Thread 0x00000211af1bccf0 nmethod 38198 0x00000211a711c288 code [0x00000211a711c5c0, 0x00000211a711d108]
Event: 3735.032 Thread 0x00000211af1bccf0 38199       1       org.apache.poi.openxml4j.opc.PackagePartName::getExtension (38 bytes)
Event: 3735.033 Thread 0x00000211af1bccf0 nmethod 38199 0x00000211a738b108 code [0x00000211a738b260, 0x00000211a738b508]
Event: 3735.056 Thread 0x00000211af1bccf0 38200       1       org.apache.xmlbeans.impl.common.QNameHelper::startsWithXml (88 bytes)
Event: 3735.058 Thread 0x00000211af1bccf0 nmethod 38200 0x00000211a7356388 code [0x00000211a7356500, 0x00000211a7356c20]
Event: 3735.248 Thread 0x00000211af1bccf0 38201       1       java.util.concurrent.locks.AbstractQueuedSynchronizer::releaseShared (19 bytes)
Event: 3735.251 Thread 0x00000211af1bccf0 nmethod 38201 0x00000211a7fa0f08 code [0x00000211a7fa1060, 0x00000211a7fa12d0]

GC Heap History (20 events):
Event: 3727.632 GC heap after
{Heap after GC invocations=633 (full 3):
 garbage-first heap   total reserved 2033664K, committed 577536K, used 294346K [0x0000000083e00000, 0x0000000100000000)
  region size 1024K, 19 young (19456K), 19 survivors (19456K)
 Metaspace       used 97145K, committed 98560K, reserved 1179648K
  class space    used 11832K, committed 12352K, reserved 1048576K
}
Event: 3728.486 GC heap before
{Heap before GC invocations=633 (full 3):
 garbage-first heap   total reserved 2033664K, committed 577536K, used 439754K [0x0000000083e00000, 0x0000000100000000)
  region size 1024K, 161 young (164864K), 19 survivors (19456K)
 Metaspace       used 97145K, committed 98560K, reserved 1179648K
  class space    used 11832K, committed 12352K, reserved 1048576K
}
Event: 3728.540 GC heap after
{Heap after GC invocations=634 (full 3):
 garbage-first heap   total reserved 2033664K, committed 577536K, used 359882K [0x0000000083e00000, 0x0000000100000000)
  region size 1024K, 21 young (21504K), 21 survivors (21504K)
 Metaspace       used 97145K, committed 98560K, reserved 1179648K
  class space    used 11832K, committed 12352K, reserved 1048576K
}
Event: 3729.383 GC heap before
{Heap before GC invocations=635 (full 3):
 garbage-first heap   total reserved 2033664K, committed 577536K, used 340477K [0x0000000083e00000, 0x0000000100000000)
  region size 1024K, 128 young (131072K), 21 survivors (21504K)
 Metaspace       used 97145K, committed 98560K, reserved 1179648K
  class space    used 11832K, committed 12352K, reserved 1048576K
}
Event: 3729.434 GC heap after
{Heap after GC invocations=636 (full 3):
 garbage-first heap   total reserved 2033664K, committed 577536K, used 278525K [0x0000000083e00000, 0x0000000100000000)
  region size 1024K, 16 young (16384K), 16 survivors (16384K)
 Metaspace       used 97145K, committed 98560K, reserved 1179648K
  class space    used 11832K, committed 12352K, reserved 1048576K
}
Event: 3730.162 GC heap before
{Heap before GC invocations=636 (full 3):
 garbage-first heap   total reserved 2033664K, committed 577536K, used 411645K [0x0000000083e00000, 0x0000000100000000)
  region size 1024K, 135 young (138240K), 16 survivors (16384K)
 Metaspace       used 97147K, committed 98560K, reserved 1179648K
  class space    used 11832K, committed 12352K, reserved 1048576K
}
Event: 3730.218 GC heap after
{Heap after GC invocations=637 (full 3):
 garbage-first heap   total reserved 2033664K, committed 577536K, used 314365K [0x0000000083e00000, 0x0000000100000000)
  region size 1024K, 17 young (17408K), 17 survivors (17408K)
 Metaspace       used 97147K, committed 98560K, reserved 1179648K
  class space    used 11832K, committed 12352K, reserved 1048576K
}
Event: 3731.086 GC heap before
{Heap before GC invocations=637 (full 3):
 garbage-first heap   total reserved 2033664K, committed 577536K, used 440317K [0x0000000083e00000, 0x0000000100000000)
  region size 1024K, 140 young (143360K), 17 survivors (17408K)
 Metaspace       used 97147K, committed 98560K, reserved 1179648K
  class space    used 11832K, committed 12352K, reserved 1048576K
}
Event: 3731.205 GC heap after
{Heap after GC invocations=638 (full 3):
 garbage-first heap   total reserved 2033664K, committed 704512K, used 352765K [0x0000000083e00000, 0x0000000100000000)
  region size 1024K, 18 young (18432K), 18 survivors (18432K)
 Metaspace       used 97147K, committed 98560K, reserved 1179648K
  class space    used 11832K, committed 12352K, reserved 1048576K
}
Event: 3731.401 GC heap before
{Heap before GC invocations=638 (full 3):
 garbage-first heap   total reserved 2033664K, committed 704512K, used 384509K [0x0000000083e00000, 0x0000000100000000)
  region size 1024K, 50 young (51200K), 18 survivors (18432K)
 Metaspace       used 97147K, committed 98560K, reserved 1179648K
  class space    used 11832K, committed 12352K, reserved 1048576K
}
Event: 3731.438 GC heap after
{Heap after GC invocations=639 (full 3):
 garbage-first heap   total reserved 2033664K, committed 704512K, used 370627K [0x0000000083e00000, 0x0000000100000000)
  region size 1024K, 16 young (16384K), 16 survivors (16384K)
 Metaspace       used 97147K, committed 98560K, reserved 1179648K
  class space    used 11832K, committed 12352K, reserved 1048576K
}
Event: 3732.534 GC heap before
{Heap before GC invocations=640 (full 3):
 garbage-first heap   total reserved 2033664K, committed 611328K, used 347075K [0x0000000083e00000, 0x0000000100000000)
  region size 1024K, 176 young (180224K), 16 survivors (16384K)
 Metaspace       used 97147K, committed 98560K, reserved 1179648K
  class space    used 11832K, committed 12352K, reserved 1048576K
}
Event: 3732.594 GC heap after
{Heap after GC invocations=641 (full 3):
 garbage-first heap   total reserved 2033664K, committed 611328K, used 247805K [0x0000000083e00000, 0x0000000100000000)
  region size 1024K, 22 young (22528K), 22 survivors (22528K)
 Metaspace       used 97147K, committed 98560K, reserved 1179648K
  class space    used 11832K, committed 12352K, reserved 1048576K
}
Event: 3733.747 GC heap before
{Heap before GC invocations=641 (full 3):
 garbage-first heap   total reserved 2033664K, committed 611328K, used 436221K [0x0000000083e00000, 0x0000000100000000)
  region size 1024K, 195 young (199680K), 22 survivors (22528K)
 Metaspace       used 97147K, committed 98560K, reserved 1179648K
  class space    used 11832K, committed 12352K, reserved 1048576K
}
Event: 3733.810 GC heap after
{Heap after GC invocations=642 (full 3):
 garbage-first heap   total reserved 2033664K, committed 611328K, used 312829K [0x0000000083e00000, 0x0000000100000000)
  region size 1024K, 25 young (25600K), 25 survivors (25600K)
 Metaspace       used 97147K, committed 98560K, reserved 1179648K
  class space    used 11832K, committed 12352K, reserved 1048576K
}
Event: 3733.909 GC heap before
{Heap before GC invocations=642 (full 3):
 garbage-first heap   total reserved 2033664K, committed 611328K, used 332285K [0x0000000083e00000, 0x0000000100000000)
  region size 1024K, 45 young (46080K), 25 survivors (25600K)
 Metaspace       used 97147K, committed 98560K, reserved 1179648K
  class space    used 11832K, committed 12352K, reserved 1048576K
}
Event: 3733.934 GC heap after
{Heap after GC invocations=643 (full 3):
 garbage-first heap   total reserved 2033664K, committed 611328K, used 319997K [0x0000000083e00000, 0x0000000100000000)
  region size 1024K, 9 young (9216K), 9 survivors (9216K)
 Metaspace       used 97147K, committed 98560K, reserved 1179648K
  class space    used 11832K, committed 12352K, reserved 1048576K
}
Event: 3734.692 GC heap before
{Heap before GC invocations=644 (full 3):
 garbage-first heap   total reserved 2033664K, committed 611328K, used 391677K [0x0000000083e00000, 0x0000000100000000)
  region size 1024K, 141 young (144384K), 9 survivors (9216K)
 Metaspace       used 97147K, committed 98560K, reserved 1179648K
  class space    used 11832K, committed 12352K, reserved 1048576K
}
Event: 3734.729 GC heap after
{Heap after GC invocations=645 (full 3):
 garbage-first heap   total reserved 2033664K, committed 611328K, used 306685K [0x0000000083e00000, 0x0000000100000000)
  region size 1024K, 18 young (18432K), 18 survivors (18432K)
 Metaspace       used 97147K, committed 98560K, reserved 1179648K
  class space    used 11832K, committed 12352K, reserved 1048576K
}
Event: 3736.176 GC heap before
{Heap before GC invocations=645 (full 3):
 garbage-first heap   total reserved 2033664K, committed 611328K, used 459261K [0x0000000083e00000, 0x0000000100000000)
  region size 1024K, 156 young (159744K), 18 survivors (18432K)
 Metaspace       used 97147K, committed 98560K, reserved 1179648K
  class space    used 11832K, committed 12352K, reserved 1048576K
}

Dll operation events (10 events):
Event: 0.008 Loaded shared library C:\Program Files\Java\jdk-24\bin\java.dll
Event: 0.085 Loaded shared library C:\Program Files\Java\jdk-24\bin\net.dll
Event: 0.087 Loaded shared library C:\Program Files\Java\jdk-24\bin\nio.dll
Event: 0.093 Loaded shared library C:\Program Files\Java\jdk-24\bin\zip.dll
Event: 0.179 Loaded shared library C:\Program Files\Java\jdk-24\bin\verify.dll
Event: 0.185 Loaded shared library C:\Program Files\Java\jdk-24\bin\jimage.dll
Event: 0.437 Loaded shared library C:\Program Files\Java\jdk-24\bin\management.dll
Event: 0.442 Loaded shared library C:\Program Files\Java\jdk-24\bin\management_ext.dll
Event: 1.357 Loaded shared library C:\Program Files\Java\jdk-24\bin\sunmscapi.dll
Event: 4.072 Loaded shared library C:\Program Files\Java\jdk-24\bin\extnet.dll

Deoptimization events (20 events):
Event: 2.668 Thread 0x00000211af1b6190 DEOPT PACKING pc=0x00000211a7655e0f sp=0x000000c3f11fd690
Event: 2.668 Thread 0x00000211af1b6190 DEOPT UNPACKING pc=0x00000211a6ed6642 sp=0x000000c3f11fcc38 mode 0
Event: 3.277 Thread 0x00000211af1b5a40 DEOPT PACKING pc=0x00000211a73a1331 sp=0x000000c3f1afeee0
Event: 3.277 Thread 0x00000211af1b5a40 DEOPT UNPACKING pc=0x00000211a6ed6642 sp=0x000000c3f1afe338 mode 3
Event: 3.277 Thread 0x00000211af1b6190 DEOPT PACKING pc=0x00000211a73b3016 sp=0x000000c3f11fe290
Event: 3.277 Thread 0x00000211af1b6190 DEOPT UNPACKING pc=0x00000211a6ed6642 sp=0x000000c3f11fd720 mode 3
Event: 5.248 Thread 0x00000211af1b6190 DEOPT PACKING pc=0x00000211a7870224 sp=0x000000c3f11fc7b0
Event: 5.248 Thread 0x00000211af1b6190 DEOPT UNPACKING pc=0x00000211a6ed6642 sp=0x000000c3f11fbc50 mode 0
Event: 6.606 Thread 0x00000211af1b6190 DEOPT PACKING pc=0x00000211a74473aa sp=0x000000c3f11fbff0
Event: 6.606 Thread 0x00000211af1b6190 DEOPT UNPACKING pc=0x00000211a6ed6642 sp=0x000000c3f11fb4f8 mode 3
Event: 6.606 Thread 0x00000211af1b6190 DEOPT PACKING pc=0x00000211a7413442 sp=0x000000c3f11fbfb0
Event: 6.606 Thread 0x00000211af1b6190 DEOPT UNPACKING pc=0x00000211a6ed6642 sp=0x000000c3f11fb4f8 mode 3
Event: 8.231 Thread 0x00000211af1b6190 DEOPT PACKING pc=0x00000211a79e8a05 sp=0x000000c3f11fe7c0
Event: 8.231 Thread 0x00000211af1b6190 DEOPT UNPACKING pc=0x00000211a6ed6642 sp=0x000000c3f11fdc98 mode 3
Event: 259.787 Thread 0x00000211f5900ad0 DEOPT PACKING pc=0x00000211a73cdb8c sp=0x000000c3f28fb3f0
Event: 259.787 Thread 0x00000211f58ff4e0 DEOPT PACKING pc=0x00000211a73cdb8c sp=0x000000c3f29fb840
Event: 259.789 Thread 0x00000211f5900ad0 DEOPT UNPACKING pc=0x00000211a6ed6642 sp=0x000000c3f28fa8d8 mode 0
Event: 259.789 Thread 0x00000211f58ff4e0 DEOPT UNPACKING pc=0x00000211a6ed6642 sp=0x000000c3f29fad28 mode 0
Event: 285.634 Thread 0x00000211f58ff4e0 DEOPT PACKING pc=0x00000211a725eca0 sp=0x000000c3f29fc760
Event: 285.634 Thread 0x00000211f58ff4e0 DEOPT UNPACKING pc=0x00000211a6ed6642 sp=0x000000c3f29fbcf8 mode 3

Classes loaded (20 events):
Event: 1770.279 Loading class java/net/Proxy$Type
Event: 1770.280 Loading class java/net/Proxy$Type done
Event: 1770.283 Loading class sun/net/spi/DefaultProxySelector$NonProxyInfo
Event: 1770.284 Loading class sun/net/spi/DefaultProxySelector$NonProxyInfo done
Event: 1770.323 Loading class javax/management/NotificationBroadcasterSupport$WildcardListenerInfo
Event: 1770.325 Loading class javax/management/NotificationBroadcasterSupport$WildcardListenerInfo done
Event: 1770.374 Loading class java/util/AbstractMap$2
Event: 1770.375 Loading class java/util/AbstractMap$2 done
Event: 1770.383 Loading class java/util/AbstractMap$ValueIterator
Event: 1770.383 Loading class java/util/AbstractMap$ValueIterator done
Event: 1771.325 Loading class java/lang/ref/Finalizer$1
Event: 1771.327 Loading class java/lang/ref/Finalizer$1 done
Event: 1776.749 Loading class java/time/DurationEditor
Event: 1776.749 Loading class java/time/DurationEditor done
Event: 2121.183 Loading class java/time/DurationEditor
Event: 2121.183 Loading class java/time/DurationEditor done
Event: 2264.026 Loading class jdk/internal/math/FormattedFPDecimal
Event: 2264.032 Loading class jdk/internal/math/FormattedFPDecimal done
Event: 3639.839 Loading class java/time/DurationEditor
Event: 3639.840 Loading class java/time/DurationEditor done

Classes unloaded (20 events):
Event: 3719.020 Thread 0x00000211aee50d90 Unloading class 0x00000211b1c13800 'java/lang/invoke/LambdaForm$MH+0x00000211b1c13800'
Event: 3719.020 Thread 0x00000211aee50d90 Unloading class 0x00000211b1c12c00 'java/lang/invoke/LambdaForm$MH+0x00000211b1c12c00'
Event: 3719.020 Thread 0x00000211aee50d90 Unloading class 0x00000211b1c12400 'java/lang/invoke/LambdaForm$MH+0x00000211b1c12400'
Event: 3719.020 Thread 0x00000211aee50d90 Unloading class 0x00000211b1c11c00 'java/lang/invoke/LambdaForm$MH+0x00000211b1c11c00'
Event: 3719.020 Thread 0x00000211aee50d90 Unloading class 0x00000211b1c10c00 'java/lang/invoke/LambdaForm$DMH+0x00000211b1c10c00'
Event: 3719.020 Thread 0x00000211aee50d90 Unloading class 0x00000211b1c10800 'java/lang/invoke/LambdaForm$MH+0x00000211b1c10800'
Event: 3719.020 Thread 0x00000211aee50d90 Unloading class 0x00000211b1c0b800 'java/lang/invoke/LambdaForm$MH+0x00000211b1c0b800'
Event: 3719.020 Thread 0x00000211aee50d90 Unloading class 0x00000211b1bee000 'java/lang/invoke/LambdaForm$MH+0x00000211b1bee000'
Event: 3719.020 Thread 0x00000211aee50d90 Unloading class 0x00000211b1c0a800 'java/lang/invoke/LambdaForm$MH+0x00000211b1c0a800'
Event: 3719.020 Thread 0x00000211aee50d90 Unloading class 0x00000211b1c0a000 'java/lang/invoke/LambdaForm$MH+0x00000211b1c0a000'
Event: 3719.020 Thread 0x00000211aee50d90 Unloading class 0x00000211b1c09800 'java/lang/invoke/LambdaForm$MH+0x00000211b1c09800'
Event: 3719.020 Thread 0x00000211aee50d90 Unloading class 0x00000211b1c09400 'java/lang/invoke/LambdaForm$MH+0x00000211b1c09400'
Event: 3719.020 Thread 0x00000211aee50d90 Unloading class 0x00000211b1c09000 'java/lang/invoke/LambdaForm$BMH+0x00000211b1c09000'
Event: 3719.020 Thread 0x00000211aee50d90 Unloading class 0x00000211b1c08800 'java/lang/invoke/LambdaForm$MH+0x00000211b1c08800'
Event: 3719.020 Thread 0x00000211aee50d90 Unloading class 0x00000211b1c08000 'java/lang/invoke/LambdaForm$DMH+0x00000211b1c08000'
Event: 3719.020 Thread 0x00000211aee50d90 Unloading class 0x00000211b1c05400 'java/lang/invoke/LambdaForm$DMH+0x00000211b1c05400'
Event: 3719.020 Thread 0x00000211aee50d90 Unloading class 0x00000211b1039000 'java/lang/invoke/LambdaForm$MH+0x00000211b1039000'
Event: 3719.020 Thread 0x00000211aee50d90 Unloading class 0x00000211b1318400 'java/lang/invoke/LambdaForm$MH+0x00000211b1318400'
Event: 3719.020 Thread 0x00000211aee50d90 Unloading class 0x00000211b13f4c00 'java/lang/invoke/LambdaForm$MH+0x00000211b13f4c00'
Event: 3719.020 Thread 0x00000211aee50d90 Unloading class 0x00000211b1bf1800 'java/lang/invoke/LambdaForm$MH+0x00000211b1bf1800'

Classes redefined (0 events):
No events

Internal exceptions (20 events):
Event: 3634.328 Thread 0x00000211fd00b070 Exception <a 'java/lang/ArrayIndexOutOfBoundsException'{0x0000000089a8bbd0}: Index 40 out of bounds for length 40> (0x0000000089a8bbd0) 
thrown [s\open\src\hotspot\share\interpreter\interpreterRuntime.cpp, line 422]
Event: 3634.367 Thread 0x00000211fd00b070 Exception <a 'java/lang/ArrayIndexOutOfBoundsException'{0x000000008c503e98}: Index 21 out of bounds for length 21> (0x000000008c503e98) 
thrown [s\open\src\hotspot\share\interpreter\interpreterRuntime.cpp, line 422]
Event: 3634.368 Thread 0x00000211fd00b070 Exception <a 'java/lang/ArrayIndexOutOfBoundsException'{0x000000008c504470}: Index 21 out of bounds for length 21> (0x000000008c504470) 
thrown [s\open\src\hotspot\share\interpreter\interpreterRuntime.cpp, line 422]
Event: 3634.709 Thread 0x00000211fd00b070 Exception <a 'java/lang/NoSuchMethodError'{0x000000008b7b32d8}: 'int java.lang.invoke.DirectMethodHandle$Holder.invokeVirtual(java.lang.Object, java.lang.Object, java.lang.Object, java.lang.Object)'> (0x000000008b7b32d8) 
thrown [s\open\src\hotspot\share\interpreter\linkResolver.cpp, line 805]
Event: 3634.710 Thread 0x00000211fd00b070 Exception <a 'java/lang/NoSuchMethodError'{0x000000008b7bb4e8}: 'int java.lang.invoke.DelegatingMethodHandle$Holder.reinvoke_L(java.lang.Object, java.lang.Object, java.lang.Object, java.lang.Object)'> (0x000000008b7bb4e8) 
thrown [s\open\src\hotspot\share\interpreter\linkResolver.cpp, line 805]
Event: 3634.724 Thread 0x00000211fd00b070 Exception <a 'java/io/FileNotFoundException'{0x000000008b618488}> (0x000000008b618488) 
thrown [s\open\src\hotspot\share\prims\jni.cpp, line 518]
Event: 3634.758 Thread 0x00000211fd00b070 Exception <a 'java/io/IOException'{0x000000008b561fa8}> (0x000000008b561fa8) 
thrown [s\open\src\hotspot\share\prims\jni.cpp, line 518]
Event: 3634.758 Thread 0x00000211fd00b070 Exception <a 'java/io/IOException'{0x000000008b5626f0}> (0x000000008b5626f0) 
thrown [s\open\src\hotspot\share\prims\jni.cpp, line 518]
Event: 3634.759 Thread 0x00000211fd00b070 Exception <a 'java/io/IOException'{0x000000008b562e28}> (0x000000008b562e28) 
thrown [s\open\src\hotspot\share\prims\jni.cpp, line 518]
Event: 3634.765 Thread 0x00000211fd00b070 Exception <a 'java/io/IOException'{0x000000008b57ba98}> (0x000000008b57ba98) 
thrown [s\open\src\hotspot\share\prims\jni.cpp, line 518]
Event: 3634.766 Thread 0x00000211fd00b070 Exception <a 'java/io/IOException'{0x000000008b57c538}> (0x000000008b57c538) 
thrown [s\open\src\hotspot\share\prims\jni.cpp, line 518]
Event: 3634.767 Thread 0x00000211fd00b070 Exception <a 'java/io/IOException'{0x000000008b57d038}> (0x000000008b57d038) 
thrown [s\open\src\hotspot\share\prims\jni.cpp, line 518]
Event: 3635.021 Thread 0x00000211fd00b070 Exception <a 'java/io/FileNotFoundException'{0x000000008abc2688}> (0x000000008abc2688) 
thrown [s\open\src\hotspot\share\prims\jni.cpp, line 518]
Event: 3635.061 Thread 0x00000211fd00b070 Exception <a 'java/lang/NoSuchMethodError'{0x000000008a8d1cd0}: 'void java.lang.invoke.DelegatingMethodHandle$Holder.reinvoke_L(java.lang.Object, java.lang.Object, long)'> (0x000000008a8d1cd0) 
thrown [s\open\src\hotspot\share\interpreter\linkResolver.cpp, line 805]
Event: 3639.928 Thread 0x00000211fd00b070 Exception <a 'java/io/IOException'{0x000000008c005a98}> (0x000000008c005a98) 
thrown [s\open\src\hotspot\share\prims\jni.cpp, line 518]
Event: 3677.476 Thread 0x00000211fcfd9f60 Exception <a 'java/lang/NoSuchMethodError'{0x000000008a9efa70}: 'double java.lang.invoke.DirectMethodHandle$Holder.invokeVirtual(java.lang.Object, java.lang.Object)'> (0x000000008a9efa70) 
thrown [s\open\src\hotspot\share\interpreter\linkResolver.cpp, line 805]
Event: 3677.476 Thread 0x00000211fcfdb550 Exception <a 'java/lang/NoSuchMethodError'{0x000000008df35368}: 'double java.lang.invoke.DirectMethodHandle$Holder.invokeVirtual(java.lang.Object, java.lang.Object)'> (0x000000008df35368) 
thrown [s\open\src\hotspot\share\interpreter\linkResolver.cpp, line 805]
Event: 3677.476 Thread 0x00000211fcfdae00 Exception <a 'java/lang/NoSuchMethodError'{0x000000008df82920}: 'double java.lang.invoke.DirectMethodHandle$Holder.invokeVirtual(java.lang.Object, java.lang.Object)'> (0x000000008df82920) 
thrown [s\open\src\hotspot\share\interpreter\linkResolver.cpp, line 805]
Event: 3677.477 Thread 0x00000211fcfd9f60 Exception <a 'java/lang/NoSuchMethodError'{0x000000008dfa28f0}: 'double java.lang.invoke.DelegatingMethodHandle$Holder.reinvoke_L(java.lang.Object, java.lang.Object)'> (0x000000008dfa28f0) 
thrown [s\open\src\hotspot\share\interpreter\linkResolver.cpp, line 805]
Event: 3677.477 Thread 0x00000211fcfdb550 Exception <a 'java/lang/NoSuchMethodError'{0x000000008df3d440}: 'double java.lang.invoke.DelegatingMethodHandle$Holder.reinvoke_L(java.lang.Object, java.lang.Object)'> (0x000000008df3d440) 
thrown [s\open\src\hotspot\share\interpreter\linkResolver.cpp, line 805]

VM Operations (20 events):
Event: 3731.205 Executing VM operation: G1CollectForAllocation (G1 Evacuation Pause) done
Event: 3731.401 Executing VM operation: G1TryInitiateConcMark (G1 Humongous Allocation)
Event: 3731.438 Executing VM operation: G1TryInitiateConcMark (G1 Humongous Allocation) done
Event: 3731.535 Executing VM operation: G1PauseRemark
Event: 3731.537 Executing VM operation: G1PauseRemark done
Event: 3731.573 Executing VM operation: G1PauseCleanup
Event: 3731.574 Executing VM operation: G1PauseCleanup done
Event: 3732.534 Executing VM operation: G1CollectForAllocation (G1 Evacuation Pause)
Event: 3732.594 Executing VM operation: G1CollectForAllocation (G1 Evacuation Pause) done
Event: 3733.747 Executing VM operation: G1CollectForAllocation (G1 Evacuation Pause)
Event: 3733.810 Executing VM operation: G1CollectForAllocation (G1 Evacuation Pause) done
Event: 3733.909 Executing VM operation: G1TryInitiateConcMark (G1 Humongous Allocation)
Event: 3733.934 Executing VM operation: G1TryInitiateConcMark (G1 Humongous Allocation) done
Event: 3734.126 Executing VM operation: G1PauseRemark
Event: 3734.128 Executing VM operation: G1PauseRemark done
Event: 3734.246 Executing VM operation: G1PauseCleanup
Event: 3734.246 Executing VM operation: G1PauseCleanup done
Event: 3734.692 Executing VM operation: G1CollectForAllocation (G1 Evacuation Pause)
Event: 3734.729 Executing VM operation: G1CollectForAllocation (G1 Evacuation Pause) done
Event: 3736.176 Executing VM operation: G1CollectForAllocation (G1 Evacuation Pause)

Memory protections (0 events):
No events

Nmethod flushes (20 events):
Event: 3734.127 Thread 0x00000211aee50d90 flushing  nmethod 0x00000211a8026388
Event: 3734.127 Thread 0x00000211aee50d90 flushing  nmethod 0x00000211a8026888
Event: 3734.127 Thread 0x00000211aee50d90 flushing  nmethod 0x00000211a802a788
Event: 3734.127 Thread 0x00000211aee50d90 flushing  nmethod 0x00000211a802aa88
Event: 3734.127 Thread 0x00000211aee50d90 flushing  nmethod 0x00000211a8064388
Event: 3734.127 Thread 0x00000211aee50d90 flushing  nmethod 0x00000211a8064f88
Event: 3734.127 Thread 0x00000211aee50d90 flushing  nmethod 0x00000211a8065288
Event: 3734.127 Thread 0x00000211aee50d90 flushing  nmethod 0x00000211a80c1808
Event: 3734.127 Thread 0x00000211aee50d90 flushing  nmethod 0x00000211a80c2808
Event: 3734.127 Thread 0x00000211aee50d90 flushing  nmethod 0x00000211a80c5708
Event: 3734.127 Thread 0x00000211aee50d90 flushing  nmethod 0x00000211a81a8408
Event: 3734.127 Thread 0x00000211aee50d90 flushing  nmethod 0x00000211a81a8e88
Event: 3734.127 Thread 0x00000211aee50d90 flushing  nmethod 0x00000211a81a9308
Event: 3734.127 Thread 0x00000211aee50d90 flushing  nmethod 0x00000211a8239408
Event: 3734.127 Thread 0x00000211aee50d90 flushing  nmethod 0x00000211a823a408
Event: 3734.127 Thread 0x00000211aee50d90 flushing  nmethod 0x00000211a823a708
Event: 3734.127 Thread 0x00000211aee50d90 flushing  nmethod 0x00000211a823aa08
Event: 3734.127 Thread 0x00000211aee50d90 flushing  nmethod 0x00000211a823ad08
Event: 3734.127 Thread 0x00000211aee50d90 flushing  nmethod 0x00000211a823b688
Event: 3734.127 Thread 0x00000211aee50d90 flushing  nmethod 0x00000211a823b988

Events (20 events):
Event: 3682.981 Thread 0x00000211fc8dd9d0 Thread exited: 0x00000211fc8dd9d0
Event: 3698.038 Thread 0x00000211fcc0a7c0 Thread exited: 0x00000211fcc0a7c0
Event: 3715.946 Thread 0x00000211af1bccf0 Thread added: 0x00000211fcb65770
Event: 3718.466 Thread 0x00000211fcb65770 Thread exited: 0x00000211fcb65770
Event: 3718.493 Thread 0x00000211af1bccf0 Thread added: 0x00000211fcb65770
Event: 3723.921 Thread 0x00000211fcb65770 Thread exited: 0x00000211fcb65770
Event: 3724.044 Thread 0x00000211af1bccf0 Thread added: 0x00000211fca0ede0
Event: 3724.044 Thread 0x00000211af1bccf0 Thread added: 0x00000211fd335090
Event: 3725.424 Thread 0x00000211fd335090 Thread exited: 0x00000211fd335090
Event: 3726.585 Thread 0x00000211fca0ede0 Thread exited: 0x00000211fca0ede0
Event: 3726.703 Thread 0x00000211af1bccf0 Thread added: 0x00000211fcd8a960
Event: 3727.447 Thread 0x00000211fcd8a960 Thread exited: 0x00000211fcd8a960
Event: 3727.650 Thread 0x00000211af1bccf0 Thread added: 0x00000211f599b6e0
Event: 3728.156 Thread 0x00000211f599b6e0 Thread exited: 0x00000211f599b6e0
Event: 3730.023 Thread 0x00000211af1bccf0 Thread added: 0x00000211fca0fd00
Event: 3732.381 Thread 0x00000211fca0fd00 Thread exited: 0x00000211fca0fd00
Event: 3732.522 Thread 0x00000211af1bccf0 Thread added: 0x00000211fc8dc320
Event: 3733.950 Thread 0x00000211fc8dc320 Thread added: 0x00000211af478a50
Event: 3735.032 Thread 0x00000211fc8dc320 Thread exited: 0x00000211fc8dc320
Event: 3735.032 Thread 0x00000211af478a50 Thread exited: 0x00000211af478a50


Dynamic libraries:
0x00007ff7bcea0000 - 0x00007ff7bceb0000 	C:\Program Files\Java\jdk-24\bin\java.exe
0x00007ffbd7470000 - 0x00007ffbd7687000 	C:\WINDOWS\SYSTEM32\ntdll.dll
0x00007ffbd5a70000 - 0x00007ffbd5b34000 	C:\WINDOWS\System32\KERNEL32.DLL
0x00007ffbd4b10000 - 0x00007ffbd4ee3000 	C:\WINDOWS\System32\KERNELBASE.dll
0x00007ffbd4530000 - 0x00007ffbd4641000 	C:\WINDOWS\System32\ucrtbase.dll
0x00007ffbbda60000 - 0x00007ffbbda76000 	C:\Program Files\Java\jdk-24\bin\jli.dll
0x00007ffbbd9f0000 - 0x00007ffbbda0b000 	C:\Program Files\Java\jdk-24\bin\VCRUNTIME140.dll
0x00007ffbd6170000 - 0x00007ffbd6321000 	C:\WINDOWS\System32\USER32.dll
0x00007ffbc5150000 - 0x00007ffbc53eb000 	C:\WINDOWS\WinSxS\amd64_microsoft.windows.common-controls_6595b64144ccf1df_6.0.22621.5262_none_2712bde373830908\COMCTL32.dll
0x00007ffbd4f70000 - 0x00007ffbd4f96000 	C:\WINDOWS\System32\win32u.dll
0x00007ffbd5790000 - 0x00007ffbd5837000 	C:\WINDOWS\System32\msvcrt.dll
0x00007ffbd73d0000 - 0x00007ffbd73f9000 	C:\WINDOWS\System32\GDI32.dll
0x00007ffbd4fa0000 - 0x00007ffbd50c2000 	C:\WINDOWS\System32\gdi32full.dll
0x00007ffbd4840000 - 0x00007ffbd48da000 	C:\WINDOWS\System32\msvcp_win.dll
0x00007ffbd59b0000 - 0x00007ffbd59e1000 	C:\WINDOWS\System32\IMM32.DLL
0x00007ffbd08a0000 - 0x00007ffbd08ac000 	C:\Program Files\Java\jdk-24\bin\vcruntime140_1.dll
0x00007ffbbb050000 - 0x00007ffbbb0de000 	C:\Program Files\Java\jdk-24\bin\msvcp140.dll
0x00007ffb38d40000 - 0x00007ffb39ae2000 	C:\Program Files\Java\jdk-24\bin\server\jvm.dll
0x00007ffbd60b0000 - 0x00007ffbd6161000 	C:\WINDOWS\System32\ADVAPI32.dll
0x00007ffbd6960000 - 0x00007ffbd6a07000 	C:\WINDOWS\System32\sechost.dll
0x00007ffbd4650000 - 0x00007ffbd4678000 	C:\WINDOWS\System32\bcrypt.dll
0x00007ffbd5840000 - 0x00007ffbd5954000 	C:\WINDOWS\System32\RPCRT4.dll
0x00007ffbd59f0000 - 0x00007ffbd5a61000 	C:\WINDOWS\System32\WS2_32.dll
0x00007ffbd4250000 - 0x00007ffbd429d000 	C:\WINDOWS\SYSTEM32\POWRPROF.dll
0x00007ffbcf550000 - 0x00007ffbcf55a000 	C:\WINDOWS\SYSTEM32\VERSION.dll
0x00007ffbcf7c0000 - 0x00007ffbcf7f4000 	C:\WINDOWS\SYSTEM32\WINMM.dll
0x00007ffbd4230000 - 0x00007ffbd4243000 	C:\WINDOWS\SYSTEM32\UMPDC.dll
0x00007ffbd3530000 - 0x00007ffbd3548000 	C:\WINDOWS\SYSTEM32\kernel.appcore.dll
0x00007ffbd00f0000 - 0x00007ffbd00fa000 	C:\Program Files\Java\jdk-24\bin\jimage.dll
0x00007ffbd14d0000 - 0x00007ffbd1702000 	C:\WINDOWS\SYSTEM32\DBGHELP.DLL
0x00007ffbd5340000 - 0x00007ffbd56d3000 	C:\WINDOWS\System32\combase.dll
0x00007ffbd5fd0000 - 0x00007ffbd60a7000 	C:\WINDOWS\System32\OLEAUT32.dll
0x00007ffbbed50000 - 0x00007ffbbed82000 	C:\WINDOWS\SYSTEM32\dbgcore.DLL
0x00007ffbd4ef0000 - 0x00007ffbd4f6b000 	C:\WINDOWS\System32\bcryptPrimitives.dll
0x00007ffbbd350000 - 0x00007ffbbd36e000 	C:\Program Files\Java\jdk-24\bin\java.dll
0x00007ffbd6330000 - 0x00007ffbd64d1000 	C:\WINDOWS\System32\ole32.dll
0x00007ffbd6b30000 - 0x00007ffbd73cd000 	C:\WINDOWS\System32\SHELL32.dll
0x00007ffbd4700000 - 0x00007ffbd483f000 	C:\WINDOWS\System32\wintypes.dll
0x00007ffbd2420000 - 0x00007ffbd2d3d000 	C:\WINDOWS\SYSTEM32\windows.storage.dll
0x00007ffbd5230000 - 0x00007ffbd533b000 	C:\WINDOWS\System32\SHCORE.dll
0x00007ffbd5f10000 - 0x00007ffbd5f76000 	C:\WINDOWS\System32\shlwapi.dll
0x00007ffbd4460000 - 0x00007ffbd448b000 	C:\WINDOWS\SYSTEM32\profapi.dll
0x00007ffbbf060000 - 0x00007ffbbf070000 	C:\Program Files\Java\jdk-24\bin\net.dll
0x00007ffbd39a0000 - 0x00007ffbd3a0a000 	C:\WINDOWS\system32\mswsock.dll
0x00007ffbbcef0000 - 0x00007ffbbcf06000 	C:\Program Files\Java\jdk-24\bin\nio.dll
0x00007ffbbafa0000 - 0x00007ffbbafb7000 	C:\Program Files\Java\jdk-24\bin\zip.dll
0x00007ffbbecb0000 - 0x00007ffbbecc0000 	C:\Program Files\Java\jdk-24\bin\verify.dll
0x00007ffbbd340000 - 0x00007ffbbd34a000 	C:\Program Files\Java\jdk-24\bin\management.dll
0x00007ffbbcb10000 - 0x00007ffbbcb1b000 	C:\Program Files\Java\jdk-24\bin\management_ext.dll
0x00007ffbd56e0000 - 0x00007ffbd56e8000 	C:\WINDOWS\System32\PSAPI.DLL
0x00007ffbbb040000 - 0x00007ffbbb04e000 	C:\Program Files\Java\jdk-24\bin\sunmscapi.dll
0x00007ffbd48e0000 - 0x00007ffbd4a47000 	C:\WINDOWS\System32\CRYPT32.dll
0x00007ffbd3e70000 - 0x00007ffbd3e9d000 	C:\WINDOWS\SYSTEM32\ncrypt.dll
0x00007ffbd3dc0000 - 0x00007ffbd3df7000 	C:\WINDOWS\SYSTEM32\NTASN1.dll
0x00007ffbd3cf0000 - 0x00007ffbd3d0b000 	C:\WINDOWS\SYSTEM32\CRYPTSP.dll
0x00007ffbd3490000 - 0x00007ffbd34c7000 	C:\WINDOWS\system32\rsaenh.dll
0x00007ffbd3a40000 - 0x00007ffbd3a68000 	C:\WINDOWS\SYSTEM32\USERENV.dll
0x00007ffbd3cd0000 - 0x00007ffbd3cdc000 	C:\WINDOWS\SYSTEM32\CRYPTBASE.dll
0x00007ffbd2fa0000 - 0x00007ffbd2fcd000 	C:\WINDOWS\SYSTEM32\IPHLPAPI.DLL
0x00007ffbd5f00000 - 0x00007ffbd5f09000 	C:\WINDOWS\System32\NSI.dll
0x00007ffbd3010000 - 0x00007ffbd3108000 	C:\WINDOWS\SYSTEM32\DNSAPI.dll
0x00007ffbcf540000 - 0x00007ffbcf54a000 	C:\Windows\System32\rasadhlp.dll
0x00007ffbcf280000 - 0x00007ffbcf303000 	C:\WINDOWS\System32\fwpuclnt.dll
0x00007ffb9c4b0000 - 0x00007ffb9c4b8000 	C:\WINDOWS\system32\wshunix.dll
0x00007ffbbaf50000 - 0x00007ffbbaf59000 	C:\Program Files\Java\jdk-24\bin\extnet.dll
0x00007ffbd0330000 - 0x00007ffbd0347000 	C:\WINDOWS\system32\napinsp.dll
0x00007ffbd0310000 - 0x00007ffbd032b000 	C:\WINDOWS\system32\pnrpnsp.dll
0x00007ffbd02f0000 - 0x00007ffbd0301000 	C:\WINDOWS\System32\winrnr.dll
0x00007ffb99810000 - 0x00007ffb9982f000 	C:\WINDOWS\system32\wshbth.dll
0x00007ffb79a20000 - 0x00007ffb79a41000 	C:\WINDOWS\system32\nlansp_c.dll

JVMTI agents: none

dbghelp: loaded successfully - version: 4.0.5 - missing functions: none
symbol engine: initialized successfully - sym options: 0x614 - pdb path: .;C:\Program Files\Java\jdk-24\bin;C:\WINDOWS\SYSTEM32;C:\WINDOWS\WinSxS\amd64_microsoft.windows.common-controls_6595b64144ccf1df_6.0.22621.5262_none_2712bde373830908;C:\Program Files\Java\jdk-24\bin\server

VM Arguments:
jvm_args: -XX:TieredStopAtLevel=1 
java_command: com.prjt2cs.project.ForageApplication
java_class_path (initial): C:\Users\21355\OneDrive\Documents\Back\ForagePrject_backend\target\classes;C:\Users\21355\.m2\repository\com\oracle\database\jdbc\ojdbc11\23.2.0.0\ojdbc11-23.2.0.0.jar;C:\Users\21355\.m2\repository\javax\persistence\javax.persistence-api\2.2\javax.persistence-api-2.2.jar;C:\Users\21355\.m2\repository\ch\qos\logback\logback-classic\1.5.18\logback-classic-1.5.18.jar;C:\Users\21355\.m2\repository\ch\qos\logback\logback-core\1.5.18\logback-core-1.5.18.jar;C:\Users\21355\.m2\repository\org\apache\logging\log4j\log4j-to-slf4j\2.24.3\log4j-to-slf4j-2.24.3.jar;C:\Users\21355\.m2\repository\org\slf4j\jul-to-slf4j\2.0.17\jul-to-slf4j-2.0.17.jar;C:\Users\21355\.m2\repository\jakarta\annotation\jakarta.annotation-api\2.1.1\jakarta.annotation-api-2.1.1.jar;C:\Users\21355\.m2\repository\org\yaml\snakeyaml\2.3\snakeyaml-2.3.jar;C:\Users\21355\.m2\repository\com\zaxxer\HikariCP\5.1.0\HikariCP-5.1.0.jar;C:\Users\21355\.m2\repository\org\springframework\spring-jdbc\6.2.6\spring-jdbc-6.2.6.jar;C:\Users\21355\.m2\repository\org\springframework\data\spring-data-jpa\3.4.5\spring-data-jpa-3.4.5.jar;C:\Users\21355\.m2\repository\org\springframework\data\spring-data-commons\3.4.5\spring-data-commons-3.4.5.jar;C:\Users\21355\.m2\repository\org\springframework\spring-orm\6.2.6\spring-orm-6.2.6.jar;C:\Users\21355\.m2\repository\org\springframework\spring-context\6.2.6\spring-context-6.2.6.jar;C:\Users\21355\.m2\repository\org\springframework\spring-aop\6.2.6\spring-aop-6.2.6.jar;C:\Users\21355\.m2\repository\org\springframework\spring-tx\6.2.6\spring-tx-6.2.6.jar;C:\Users\21355\.m2\repository\org\springframework\spring-beans\6.2.6\spring-beans-6.2.6.jar;C:\Users\21355\.m2\repository\org\slf4j\slf4j-api\2.0.17\slf4j-api-2.0.17.jar;C:\Users\21355\.m2\repository\org\springframework\spring-aspects\6.2.6\spring-aspects-6.2.6.jar;C:\Users\21355\.m2\repository\org\aspectj\aspectjweaver\1.9.24\aspectjweaver-1.9.24.jar;C:\Users\21355\.m2\repository\org\hibernate\orm\hibernate-core\6.4.4.Final\hibernate-core-6.4.4.Final.jar;C:\Users\21355\.m2\repository\jakarta\persistence\jakarta.persistence-api\3.1.0\jakarta.persistence-api-3.1.0.jar;C:\Users\21355\.m2\repository\jakarta\transaction\jakarta.transaction-api\2.0.1\jakarta.transaction-api-2.0.1.jar;C:\Users\21355\.m2\repository\org\jboss\logging\jboss-logging\3.6.1.Final\jboss-logging-3.6.1.Final.jar;C:\Users\21355\.m2\repository\org\hibernate\common\hibernate-commons-annotations\6.0.6.Final\hibernate-commons-annotations-6.0.6.Final.jar;C:\Users\21355\.m2\repository\io\smallrye\jandex\3.1.2\jandex-3.1.2.jar;C:\Users\21355\.m2\repository\com\fasterxml\classmate\1.7.0\classmate-1.7.0.jar;C:\Users\21355\.m2\repository\net\bytebuddy\byte-buddy\1.15.11\byte-buddy-1.15.11.jar;C:\Users\21355\.m2\repository\jakarta\xml\bind\jakarta.xml.bind-api\4.0.2\jakarta.xml.bind-api-4.0.2.jar;C:\Users\21355\.m2\repository\jakarta\activation\jakarta.activation-api\2.1.3\jakarta.activation-api-2.1.3.jar;C:\Users\21355\.m2\repository\org\glassfish\jaxb\jaxb-runtime\4.0.5\jaxb-runtime-4.0.5.jar;C:\Users\21355\.m2\repository\org\glassfish\jaxb\jaxb-core\4.0.5\jaxb-core-4.0.5.jar;C:\Users\21355\.m2\repository\org\eclipse\angus\angus-activation\2.0.2\angus-activation-2.0.2.jar;C:\Users\21355\.m2\repository\org\glassfish\jaxb\txw2\4.0.5\txw2-4.0.5.jar;C:\Users\21355\.m2\repository\com\sun\istack\istack-commons-runtime\4.1.2\istack-commons-runtime-4.1.2.jar;C:\Users\21355\.m2\repository\jakarta\inject\jakarta.inject-api\2.0.1\jakarta.inject-api-2.0.1.jar;C:\Users\21355\.m2\repository\org\antlr\antlr4-runtime\4.13.0\antlr4-runtime-4.13.0.jar;C:\Users\21355\.m2\repository\com\oracle\database\jdbc\ojdbc8\19.3.0.0\ojdbc8-19.3.0.0.jar;C:\Users\21355\.m2\repository\com\oracle\database\jdbc\ucp\23.5.0.24.07\ucp-23.5.0.24.07.jar;C:\Users\21355\.m2\repository\com\oracle\database\security\oraclepki\23.5.0.24.07\oraclepki-23.5.0.24.07.jar;C:\Users\21355\.m2\repository\com\oracle\database\security\osdt_cert\19.3.0.0\osdt_cert-19.3.0.0.jar;C:\Users\21355\.m2\repository\com\oracle\database\security\osdt_core\19.3.0.0\osdt_core-19.3.0.0.jar;C:\Users\21355\.m2\repository\com\oracle\database\ha\simplefan\23.5.0.24.07\simplefan-23.5.0.24.07.jar;C:\Users\21355\.m2\repository\com\oracle\database\ha\ons\23.5.0.24.07\ons-23.5.0.24.07.jar;C:\Users\21355\.m2\repository\org\springframework\boot\spring-boot-actuator-autoconfigure\3.4.5\spring-boot-actuator-autoconfigure-3.4.5.jar;C:\Users\21355\.m2\repository\org\springframework\boot\spring-boot-actuator\3.4.5\spring-boot-actuator-3.4.5.jar;C:\Users\21355\.m2\repository\com\fasterxml\jackson\core\jackson-databind\2.18.3\jackson-databind-2.18.3.jar;C:\Users\21355\.m2\repository\com\fasterxml\jackson\core\jackson-annotations\2.18.3\jackson-annotations-2.18.3.jar;C:\Users\21355\.m2\repository\com\fasterxml\jackson\core\jackson-core\2.18.3\jackson-core-2.18.3.jar;C:\Users\21355\.m2\repository\com\fasterxml\jackson\datatype\jackson-datatype-jsr310\2.18.3\jackson-datatype-jsr310-2.18.3.jar;C:\Users\21355\.m2\repository\io\micrometer\micrometer-observation\1.14.6\micrometer-observation-1.14.6.jar;C:\Users\21355\.m2\repository\io\micrometer\micrometer-commons\1.14.6\micrometer-commons-1.14.6.jar;C:\Users\21355\.m2\repository\io\micrometer\micrometer-jakarta9\1.14.6\micrometer-jakarta9-1.14.6.jar;C:\Users\21355\.m2\repository\io\micrometer\micrometer-core\1.14.6\micrometer-core-1.14.6.jar;C:\Users\21355\.m2\repository\org\hdrhistogram\HdrHistogram\2.2.2\HdrHistogram-2.2.2.jar;C:\Users\21355\.m2\repository\org\latencyutils\LatencyUtils\2.0.3\LatencyUtils-2.0.3.jar;C:\Users\21355\.m2\repository\org\apache\pdfbox\pdfbox\2.0.29\pdfbox-2.0.29.jar;C:\Users\21355\.m2\repository\org\apache\pdfbox\fontbox\2.0.29\fontbox-2.0.29.jar;C:\Users\21355\.m2\repository\commons-logging\commons-logging\1.2\commons-logging-1.2.jar;C:\Users\21355\.m2\repository\com\fasterxml\jackson\datatype\jackson-datatype-jdk8\2.18.3\jackson-datatype-jdk8-2.18.3.jar;C:\Users\21355\.m2\repository\com\fasterxml\jackson\module\jackson-module-parameter-names\2.18.3\jackson-module-parameter-names-2.18.3.jar;C:\Users\21355\.m2\repository\org\apache\tomcat\embed\tomcat-embed-core\10.1.40\tomcat-embed-core-10.1.40.jar;C:\Users\21355\.m2\repository\org\apache\tomcat\embed\tomcat-embed-el\10.1.40\tomcat-embed-el-10.1.40.jar;C:\Users\21355\.m2\repository\org\apache\tomcat\embed\tomcat-embed-websocket\10.1.40\tomcat-embed-websocket-10.1.40.jar;C:\Users\21355\.m2\repository\org\springframework\spring-web\6.2.6\spring-web-6.2.6.jar;C:\Users\21355\.m2\repository\org\springframework\spring-webmvc\6.2.6\spring-webmvc-6.2.6.jar;C:\Users\21355\.m2\repository\org\springframework\spring-expression\6.2.6\spring-expression-6.2.6.jar;C:\Users\21355\.m2\repository\org\springframework\spring-core\6.2.6\spring-core-6.2.6.jar;C:\Users\21355\.m2\repository\org\springframework\spring-jcl\6.2.6\spring-jcl-6.2.6.jar;C:\Users\21355\.m2\repository\org\apache\poi\poi-ooxml\5.2.3\poi-ooxml-5.2.3.jar;C:\Users\21355\.m2\repository\org\apache\poi\poi\5.2.3\poi-5.2.3.jar;C:\Users\21355\.m2\repository\commons-codec\commons-codec\1.17.2\commons-codec-1.17.2.jar;C:\Users\21355\.m2\repository\org\apache\commons\commons-math3\3.6.1\commons-math3-3.6.1.jar;C:\Users\21355\.m2\repository\com\zaxxer\SparseBitSet\1.2\SparseBitSet-1.2.jar;C:\Users\21355\.m2\repository\org\apache\poi\poi-ooxml-lite\5.2.3\poi-ooxml-lite-5.2.3.jar;C:\Users\21355\.m2\repository\org\apache\xmlbeans\xmlbeans\5.1.1\xmlbeans-5.1.1.jar;C:\Users\21355\.m2\repository\org\apache\commons\commons-compress\1.21\commons-compress-1.21.jar;C:\Users\21355\.m2\repository\commons-io\commons-io\2.11.0\commons-io-2.11.0.jar;C:\Users\21355\.m2\repository\com\github\virtuald\curvesapi\1.07\curvesapi-1.07.jar;C:\Users\21355\.m2\repository\org\apache\logging\log4j\log4j-api\2.24.3\log4j-api-2.24.3.jar;C:\Users\21355\.m2\repository\org\apache\commons\commons-collections4\4.4\commons-collections4-4.4.jar;C:\Users\21355\.m2\repository\org\springframework\boot\spring-boot-devtools\3.4.5\spring-boot-devtools-3.4.5.jar;C:\Users\21355\.m2\repository\org\springframework\boot\spring-boot\3.4.5\spring-boot-3.4.5.jar;C:\Users\21355\.m2\repository\org\springframework\boot\spring-boot-autoconfigure\3.4.5\spring-boot-autoconfigure-3.4.5.jar;C:\Users\21355\.m2\repository\com\airhacks\sheetfit\0.0.2\sheetfit-0.0.2.jar
Launcher Type: SUN_STANDARD

[Global flags]
     intx CICompilerCount                          = 4                                         {product} {ergonomic}
     uint ConcGCThreads                            = 2                                         {product} {ergonomic}
     uint G1ConcRefinementThreads                  = 8                                         {product} {ergonomic}
   size_t G1HeapRegionSize                         = 1048576                                   {product} {ergonomic}
   size_t InitialHeapSize                          = 132120576                                 {product} {ergonomic}
   size_t MarkStackSize                            = 4194304                                   {product} {ergonomic}
   size_t MarkStackSizeMax                         = 536870912                                 {product} {ergonomic}
   size_t MaxHeapSize                              = 2082471936                                {product} {ergonomic}
   size_t MaxNewSize                               = 1248854016                                {product} {ergonomic}
   size_t MinHeapDeltaBytes                        = 1048576                                   {product} {ergonomic}
   size_t MinHeapSize                              = 8388608                                   {product} {ergonomic}
    uintx NonNMethodCodeHeapSize                   = 4096                                   {pd product} {ergonomic}
    uintx NonProfiledCodeHeapSize                  = 0                                      {pd product} {ergonomic}
     bool ProfileInterpreter                       = false                                  {pd product} {command line}
    uintx ProfiledCodeHeapSize                     = 0                                      {pd product} {ergonomic}
   size_t SoftMaxHeapSize                          = 2082471936                             {manageable} {ergonomic}
     intx TieredStopAtLevel                        = 1                                         {product} {command line}
     bool UseCompressedOops                        = true                           {product lp64_product} {ergonomic}
     bool UseG1GC                                  = true                                      {product} {ergonomic}
     bool UseLargePagesIndividualAllocation        = false                                  {pd product} {ergonomic}

Logging:
Log output configuration:
 #0: stdout all=warning uptime,level,tags foldmultilines=false
 #1: stderr all=off uptime,level,tags foldmultilines=false

Environment Variables:
JAVA_HOME=C:\Program Files\Java\jdk-24
PATH=C:\Program Files\Common Files\Oracle\Java\javapath;C:\Program Files\Python313\Scripts\;C:\Program Files\Python313\;C:\Program Files (x86)\Common Files\Oracle\Java\java8path;C:\Program Files (x86)\Common Files\Oracle\Java\javapath;C:\oraclexe\app\oracle\product\11.2.0\server\bin;C:\Program Files (x86)\Common Files\Intel\Shared Libraries\redist\intel64\compiler;C:\WINDOWS\system32;C:\WINDOWS;C:\WINDOWS\System32\Wbem;C:\WINDOWS\System32\WindowsPowerShell\v1.0\;C:\WINDOWS\System32\OpenSSH\;C:\Program Files\dotnet\;C:\Program Files (x86)\dotnet\;C:\Program Files (x86)\Windows Kits\10\Windows Performance Toolkit\;C:\Users\21355\Downloads\platform-tools_r35.0.0-windows\platform-tools;C:\Program Files (x86)\Git\cmd;C:\Program Files (x86)\PuTTY\;C:\Windows\System32;C:\Program Files\Java\jdk-24\bin;C:\Users\21355\Downloads\kotlin-compiler-2.1.0\kotlinc\bin;C:\Program Files (x86)\BaseX\bin;C:\Program Files\nodejs\;C:\ProgramData\chocolatey\bin;C:\Program Files\Java\jdk-24\bin;C:\Program Files\Docker\Docker\resources\bin;C:\Users\21355\AppData\Local\Programs\Python\Python312\Scripts\;C:\Users\21355\AppData\Local\Programs\Python\Python312\;C:\Users\21355\AppData\Local\Programs\Python\Launcher\;C:\Users\21355\AppData\Local\Microsoft\WindowsApps;C:\Microsoft VS Code\bin;C:\Users\21355\Downloads\flutter_windows_3.7.5-stable\flutter\bin;C:\src\flutter\bin;C:\Program Files\nodejs\;C:\flutter\bin;C:\Program Files\JetBrains\IntelliJ IDEA 2024.2.3\bin;;C:\Users\21355\AppData\Local\Muse Hub\lib;C:\Users\21355\Downloads\kotlin-compiler-2.1.0\kotlinc\bin;C:\Users\21355\AppData\Roaming\npm;C:\Users\21355\Downloads\apache-maven-3.9.6-bin\apache-maven-3.9.6\bin;C:\Users\21355\Downloads\apache-maven-3.9.10-bin\apache-maven-3.9.10\bin;;c:\Users\21355\AppData\Roaming\Code\User\globalStorage\github.copilot-chat\debugCommand
USERNAME=21355
LANG=en_US.UTF-8
OS=Windows_NT
PROCESSOR_IDENTIFIER=Intel64 Family 6 Model 140 Stepping 1, GenuineIntel
TMP=C:\Users\21355\AppData\Local\Temp
TEMP=C:\Users\21355\AppData\Local\Temp




Periodic native trim disabled

---------------  S Y S T E M  ---------------

OS:
 Windows 11 , 64 bit Build 22621 (10.0.22621.5262)
OS uptime: 0 days 22:08 hours
Hyper-V role detected

CPU: total 8 (initial active 8) (4 cores per cpu, 2 threads per core) family 6 model 140 stepping 1 microcode 0xbc, cx8, cmov, fxsr, ht, mmx, 3dnowpref, sse, sse2, sse3, ssse3, sse4.1, sse4.2, popcnt, lzcnt, tsc, tscinvbit, avx, avx2, aes, erms, clmul, bmi1, bmi2, adx, avx512f, avx512dq, avx512cd, avx512bw, avx512vl, sha, fma, vzeroupper, avx512_vpopcntdq, avx512_vpclmulqdq, avx512_vaes, avx512_vnni, clflush, clflushopt, clwb, avx512_vbmi2, avx512_vbmi, hv, rdtscp, rdpid, fsrm, gfni, avx512_bitalg, f16c, cet_ibt, cet_ss, avx512_ifma
Processor Information for the first 8 processors :
  Max Mhz: 1690, Current Mhz: 1690, Mhz Limit: 1690

Memory: 4k page, system-wide physical 7937M (49M free)
TotalPageFile size 24390M (AvailPageFile size 8M)
current process WorkingSet (physical memory assigned to process): 697M, peak: 896M
current process commit charge ("private bytes"): 940M, peak: 1427M

vm_info: Java HotSpot(TM) 64-Bit Server VM (24.0.1+9-30) for windows-amd64 JRE (24.0.1+9-30), built on 2025-03-05T07:23:45Z with MS VC++ 17.6 (VS2022)

END.
