#
# There is insufficient memory for the Java Runtime Environment to continue.
# Native memory allocation (mmap) failed to map 307232768 bytes. Error detail: G1 virtual space
# Possible reasons:
#   The system is out of physical RAM or swap space
#   This process is running with CompressedOops enabled, and the Java Heap may be blocking the growth of the native heap
# Possible solutions:
#   Reduce memory load on the system
#   Increase physical memory or swap space
#   Check if swap backing store is full
#   Decrease Java heap size (-Xmx/-Xms)
#   Decrease number of Java threads
#   Decrease Java thread stack sizes (-Xss)
#   Set larger code cache with -XX:ReservedCodeCacheSize=
#   JVM is running with Unscaled Compressed Oops mode in which the Java heap is
#     placed in the first 4GB address space. The Java Heap base address is the
#     maximum limit for the native heap growth. Please use -XX:HeapBaseMinAddress
#     to set the Java Heap base and to place the Java Heap above 4GB virtual address.
# This output file may be truncated or incomplete.
#
#  Out of Memory Error (os_windows.cpp:3564), pid=28476, tid=10720
#
# JRE version: Java(TM) SE Runtime Environment (24.0.1+9) (build 24.0.1+9-30)
# Java VM: Java HotSpot(TM) 64-Bit Server VM (24.0.1+9-30, mixed mode, emulated-client, sharing, tiered, compressed oops, compressed class ptrs, g1 gc, windows-amd64)
# No core dump will be written. Minidumps are not enabled by default on client versions of Windows
#

---------------  S U M M A R Y ------------

Command Line: -XX:TieredStopAtLevel=1 com.prjt2cs.project.ForageApplication

Host: 11th Gen Intel(R) Core(TM) i7-1165G7 @ 2.80GHz, 8 cores, 7G,  Windows 11 , 64 bit Build 22621 (10.0.22621.5262)
Time: Mon Jun 16 13:28:08 2025 Afr. centrale Ouest elapsed time: 72981.601205 seconds (0d 20h 16m 21s)

---------------  T H R E A D  ---------------

Current thread (0x0000027af87ff2e0):  VMThread "VM Thread"          [id=10720, stack(0x0000008868600000,0x0000008868700000) (1024K)]

Stack: [0x0000008868600000,0x0000008868700000]
Native frames: (J=compiled Java code, j=interpreted, Vv=VM code, C=native code)
V  [jvm.dll+0x730739]  (no source info available)
V  [jvm.dll+0x8d9b23]  (no source info available)
V  [jvm.dll+0x8dc00d]  (no source info available)
V  [jvm.dll+0x8dc683]  (no source info available)
V  [jvm.dll+0x2aa086]  (no source info available)
V  [jvm.dll+0x72cc65]  (no source info available)
V  [jvm.dll+0x72059a]  (no source info available)
V  [jvm.dll+0x390cea]  (no source info available)
V  [jvm.dll+0x3989f6]  (no source info available)
V  [jvm.dll+0x38523e]  (no source info available)
V  [jvm.dll+0x3854f8]  (no source info available)
V  [jvm.dll+0x35d0cc]  (no source info available)
V  [jvm.dll+0x35d15a]  (no source info available)
V  [jvm.dll+0x3aa702]  (no source info available)
V  [jvm.dll+0x3a8d82]  (no source info available)
V  [jvm.dll+0x35c897]  (no source info available)
V  [jvm.dll+0x3a8534]  (no source info available)
V  [jvm.dll+0x8e2742]  (no source info available)
V  [jvm.dll+0x8e3a8c]  (no source info available)
V  [jvm.dll+0x8e3ff8]  (no source info available)
V  [jvm.dll+0x8e4293]  (no source info available)
V  [jvm.dll+0x87d76b]  (no source info available)
V  [jvm.dll+0x72ee55]  (no source info available)
C  [ucrtbase.dll+0x29333]  (no source info available)
C  [KERNEL32.DLL+0x1259d]  (no source info available)
C  [ntdll.dll+0x5af58]  (no source info available)

VM_Operation (0x000000886aff9f80): G1CollectForAllocation, mode: safepoint, requested by thread 0x0000027ac7e149f0


---------------  P R O C E S S  ---------------

Threads class SMR info:
_java_thread_list=0x0000027acd60c420, length=33, elements={
0x0000027af880fec0, 0x0000027af8810ac0, 0x0000027af8814bf0, 0x0000027af8815cf0,
0x0000027af881e920, 0x0000027af88216c0, 0x0000027af882cc80, 0x0000027ac508dea0,
0x0000027ac5094610, 0x0000027ac73a31e0, 0x0000027ac74660b0, 0x0000027ac7504dc0,
0x0000027ac7504670, 0x0000027ac7e175d0, 0x0000027ac7502930, 0x0000027ac7503f20,
0x0000027ac7e13400, 0x0000027ac7e13b50, 0x0000027ac7e142a0, 0x0000027ac7e16e80,
0x0000027ac7e15890, 0x0000027ac7e16730, 0x0000027ac7e18bc0, 0x0000027ac7e12560,
0x0000027ac7e19310, 0x0000027ac7e15140, 0x0000027ac7e19a60, 0x0000027ac7e12cb0,
0x0000027ac7e149f0, 0x0000027ac5fd6a40, 0x0000027ac5fd3e60, 0x0000027acd28fab0,
0x0000027acd28e400
}

Java Threads: ( => current thread )
  0x0000027af880fec0 JavaThread "Reference Handler"          daemon [_thread_blocked, id=26212, stack(0x0000008868700000,0x0000008868800000) (1024K)]
  0x0000027af8810ac0 JavaThread "Finalizer"                  daemon [_thread_blocked, id=26280, stack(0x0000008868800000,0x0000008868900000) (1024K)]
  0x0000027af8814bf0 JavaThread "Signal Dispatcher"          daemon [_thread_blocked, id=25928, stack(0x0000008868900000,0x0000008868a00000) (1024K)]
  0x0000027af8815cf0 JavaThread "Attach Listener"            daemon [_thread_blocked, id=10768, stack(0x0000008868a00000,0x0000008868b00000) (1024K)]
  0x0000027af881e920 JavaThread "Service Thread"             daemon [_thread_blocked, id=15392, stack(0x0000008868b00000,0x0000008868c00000) (1024K)]
  0x0000027af88216c0 JavaThread "Monitor Deflation Thread"   daemon [_thread_blocked, id=24584, stack(0x0000008868c00000,0x0000008868d00000) (1024K)]
  0x0000027af882cc80 JavaThread "C1 CompilerThread0"         daemon [_thread_blocked, id=12816, stack(0x0000008868d00000,0x0000008868e00000) (1024K)]
  0x0000027ac508dea0 JavaThread "Notification Thread"        daemon [_thread_blocked, id=23740, stack(0x0000008868e00000,0x0000008868f00000) (1024K)]
  0x0000027ac5094610 JavaThread "Common-Cleaner"             daemon [_thread_blocked, id=12272, stack(0x0000008868f00000,0x0000008869000000) (1024K)]
  0x0000027ac73a31e0 JavaThread "oracle.jdbc.diagnostics.Diagnostic.CLOCK" daemon [_thread_blocked, id=9984, stack(0x000000886a100000,0x000000886a200000) (1024K)]
  0x0000027ac74660b0 JavaThread "oracle.jdbc.driver.BlockSource.ThreadedCachingBlockSource.BlockReleaser" daemon [_thread_blocked, id=24536, stack(0x000000886a200000,0x000000886a300000) (1024K)]
  0x0000027ac7504dc0 JavaThread "InterruptTimer"             daemon [_thread_blocked, id=27992, stack(0x000000886a400000,0x000000886a500000) (1024K)]
  0x0000027ac7504670 JavaThread "Live Reload Server"         daemon [_thread_in_native, id=6632, stack(0x000000886a900000,0x000000886aa00000) (1024K)]
  0x0000027ac7e175d0 JavaThread "DestroyJavaVM"                     [_thread_blocked, id=3220, stack(0x0000008867f00000,0x0000008868000000) (1024K)]
  0x0000027ac7502930 JavaThread "Catalina-utility-1"                [_thread_blocked, id=21340, stack(0x0000008867e00000,0x0000008867f00000) (1024K)]
  0x0000027ac7503f20 JavaThread "Catalina-utility-2"                [_thread_blocked, id=11168, stack(0x0000008869000000,0x0000008869100000) (1024K)]
  0x0000027ac7e13400 JavaThread "container-0"                       [_thread_blocked, id=28492, stack(0x0000008869100000,0x0000008869200000) (1024K)]
  0x0000027ac7e13b50 JavaThread "HikariPool-5 housekeeper"   daemon [_thread_blocked, id=22448, stack(0x0000008869300000,0x0000008869400000) (1024K)]
  0x0000027ac7e142a0 JavaThread "File Watcher"               daemon [_thread_blocked, id=24720, stack(0x000000886a000000,0x000000886a100000) (1024K)]
  0x0000027ac7e16e80 JavaThread "http-nio-8098-exec-1"       daemon [_thread_blocked, id=12516, stack(0x000000886a500000,0x000000886a600000) (1024K)]
  0x0000027ac7e15890 JavaThread "http-nio-8098-exec-2"       daemon [_thread_blocked, id=1712, stack(0x000000886a600000,0x000000886a700000) (1024K)]
  0x0000027ac7e16730 JavaThread "http-nio-8098-exec-3"       daemon [_thread_blocked, id=1952, stack(0x000000886a700000,0x000000886a800000) (1024K)]
  0x0000027ac7e18bc0 JavaThread "http-nio-8098-exec-4"       daemon [_thread_blocked, id=7132, stack(0x000000886a800000,0x000000886a900000) (1024K)]
  0x0000027ac7e12560 JavaThread "http-nio-8098-exec-5"       daemon [_thread_blocked, id=6504, stack(0x000000886aa00000,0x000000886ab00000) (1024K)]
  0x0000027ac7e19310 JavaThread "http-nio-8098-exec-6"       daemon [_thread_blocked, id=7072, stack(0x000000886ab00000,0x000000886ac00000) (1024K)]
  0x0000027ac7e15140 JavaThread "http-nio-8098-exec-7"       daemon [_thread_blocked, id=1448, stack(0x000000886ac00000,0x000000886ad00000) (1024K)]
  0x0000027ac7e19a60 JavaThread "http-nio-8098-exec-8"       daemon [_thread_blocked, id=24512, stack(0x000000886ad00000,0x000000886ae00000) (1024K)]
  0x0000027ac7e12cb0 JavaThread "http-nio-8098-exec-9"       daemon [_thread_blocked, id=16812, stack(0x000000886ae00000,0x000000886af00000) (1024K)]
  0x0000027ac7e149f0 JavaThread "http-nio-8098-exec-10"      daemon [_thread_blocked, id=14576, stack(0x000000886af00000,0x000000886b000000) (1024K)]
  0x0000027ac5fd6a40 JavaThread "http-nio-8098-Poller"       daemon [_thread_in_native, id=19932, stack(0x000000886b000000,0x000000886b100000) (1024K)]
  0x0000027ac5fd3e60 JavaThread "http-nio-8098-Acceptor"     daemon [_thread_in_native, id=11480, stack(0x000000886b100000,0x000000886b200000) (1024K)]
  0x0000027acd28fab0 JavaThread "C1 CompilerThread1"         daemon [_thread_blocked, id=14304, stack(0x0000008867c00000,0x0000008867d00000) (1024K)]
  0x0000027acd28e400 JavaThread "C1 CompilerThread2"         daemon [_thread_blocked, id=10684, stack(0x0000008867d00000,0x0000008867e00000) (1024K)]
Total: 33

Other Threads:
=>0x0000027af87ff2e0 VMThread "VM Thread"                           [id=10720, stack(0x0000008868600000,0x0000008868700000) (1024K)]
  0x0000027af87f0810 WatcherThread "VM Periodic Task Thread"        [id=13800, stack(0x0000008868500000,0x0000008868600000) (1024K)]
  0x0000027ae5c223b0 WorkerThread "GC Thread#0"                     [id=22392, stack(0x0000008868000000,0x0000008868100000) (1024K)]
  0x0000027ac5f269e0 WorkerThread "GC Thread#1"                     [id=23700, stack(0x0000008869600000,0x0000008869700000) (1024K)]
  0x0000027ac5f26d90 WorkerThread "GC Thread#2"                     [id=25416, stack(0x0000008869700000,0x0000008869800000) (1024K)]
  0x0000027ac5f27140 WorkerThread "GC Thread#3"                     [id=24504, stack(0x0000008869800000,0x0000008869900000) (1024K)]
  0x0000027ac5f77d50 WorkerThread "GC Thread#4"                     [id=16820, stack(0x0000008869900000,0x0000008869a00000) (1024K)]
  0x0000027ac5f5ffc0 WorkerThread "GC Thread#5"                     [id=21976, stack(0x0000008869a00000,0x0000008869b00000) (1024K)]
  0x0000027ac5f60370 WorkerThread "GC Thread#6"                     [id=1632, stack(0x0000008869b00000,0x0000008869c00000) (1024K)]
  0x0000027ac5f60720 WorkerThread "GC Thread#7"                     [id=1332, stack(0x0000008869c00000,0x0000008869d00000) (1024K)]
  0x0000027ae5c37a60 ConcurrentGCThread "G1 Main Marker"            [id=19468, stack(0x0000008868100000,0x0000008868200000) (1024K)]
  0x0000027ae5c38570 WorkerThread "G1 Conc#0"                       [id=22100, stack(0x0000008868200000,0x0000008868300000) (1024K)]
  0x0000027ac6061aa0 WorkerThread "G1 Conc#1"                       [id=5280, stack(0x0000008869500000,0x0000008869600000) (1024K)]
  0x0000027af86a7620 ConcurrentGCThread "G1 Refine#0"               [id=24532, stack(0x0000008868300000,0x0000008868400000) (1024K)]
  0x0000027af86a81a0 ConcurrentGCThread "G1 Service"                [id=27860, stack(0x0000008868400000,0x0000008868500000) (1024K)]
Total: 15

Threads with active compile tasks:
Total: 0

VM state: at safepoint (normal execution)

VM Mutex/Monitor currently owned by a thread:  ([mutex/lock_event])
[0x00007ffb474644b0] Threads_lock - owner thread: 0x0000027af87ff2e0
[0x00007ffb474645b0] Heap_lock - owner thread: 0x0000027ac7e149f0

Heap address: 0x0000000083e00000, size: 1986 MB, Compressed Oops mode: 32-bit

CDS archive(s) mapped at: [0x0000027a80000000-0x0000027a80d40000-0x0000027a80d40000), size 13893632, SharedBaseAddress: 0x0000027a80000000, ArchiveRelocationMode: 1.
Compressed class space mapped at: 0x0000027a81000000-0x0000027ac1000000, reserved size: 1073741824
UseCompressedClassPointers 1, UseCompactObjectHeaders 0
Narrow klass pointer bits 32, Max shift 3
Narrow klass base: 0x0000027a80000000, Narrow klass shift: 0
Encoding Range: [0x0000027a80000000 - 0x0000027b80000000), (4294967296 bytes)
Klass Range:    [0x0000027a80000000 - 0x0000027ac1000000), (1090519040 bytes)
Klass ID Range:  [8 - 1090519033) (1090519025)

GC Precious Log:
 CardTable entry size: 512
 Card Set container configuration: InlinePtr #cards 5 size 8 Array Of Cards #cards 10 size 36 Howl #buckets 4 coarsen threshold 1843 Howl Bitmap #cards 512 size 80 coarsen threshold 460 Card regions per heap region 1 cards per card region 2048
 CPUs: 8 total, 8 available
 Memory: 7937M
 Large Page Support: Disabled
 NUMA Support: Disabled
 Compressed Oops: Enabled (32-bit)
 Heap Region Size: 1M
 Heap Min Capacity: 8M
 Heap Initial Capacity: 126M
 Heap Max Capacity: 1986M
 Pre-touch: Disabled
 Parallel Workers: 8
 Concurrent Workers: 2
 Concurrent Refinement Workers: 8
 Periodic GC: Disabled

Heap:
 garbage-first heap   total reserved 2033664K, committed 536576K, used 268784K [0x0000000083e00000, 0x0000000100000000)
  region size 1024K, 10 young (10240K), 10 survivors (10240K)
 Metaspace       used 97696K, committed 98624K, reserved 1179648K
  class space    used 11838K, committed 12224K, reserved 1048576K

Heap Regions: E=young(eden), S=young(survivor), O=old, HS=humongous(starts), HC=humongous(continues), CS=collection set, F=free, TAMS=top-at-mark-start, PB=parsable bottom
|   0|0x0000000083e00000, 0x0000000083f00000, 0x0000000083f00000|100%|HS|  |TAMS 0x0000000083e00000| PB 0x0000000083e00000| Complete |  0
|   1|0x0000000083f00000, 0x0000000084000000, 0x0000000084000000|100%|HS|  |TAMS 0x0000000083f00000| PB 0x0000000083f00000| Complete |  0
|   2|0x0000000084000000, 0x00000000840fffd0, 0x0000000084100000| 99%| O|  |TAMS 0x0000000084000000| PB 0x0000000084000000| Untracked |  0
|   3|0x0000000084100000, 0x00000000841ffff0, 0x0000000084200000| 99%| O|  |TAMS 0x0000000084100000| PB 0x0000000084100000| Untracked |  0
|   4|0x0000000084200000, 0x0000000084300000, 0x0000000084300000|100%| O|  |TAMS 0x0000000084200000| PB 0x0000000084200000| Untracked |  0
|   5|0x0000000084300000, 0x00000000843ffff0, 0x0000000084400000| 99%| O|  |TAMS 0x0000000084300000| PB 0x0000000084300000| Untracked |  0
|   6|0x0000000084400000, 0x00000000844fffb8, 0x0000000084500000| 99%| O|  |TAMS 0x0000000084400000| PB 0x0000000084400000| Untracked |  0
|   7|0x0000000084500000, 0x00000000845fffb0, 0x0000000084600000| 99%| O|  |TAMS 0x0000000084500000| PB 0x0000000084500000| Untracked |  0
|   8|0x0000000084600000, 0x00000000846ffff0, 0x0000000084700000| 99%| O|  |TAMS 0x0000000084600000| PB 0x0000000084600000| Untracked |  0
|   9|0x0000000084700000, 0x0000000084800000, 0x0000000084800000|100%| O|  |TAMS 0x0000000084700000| PB 0x0000000084700000| Untracked |  0
|  10|0x0000000084800000, 0x00000000848fffe0, 0x0000000084900000| 99%| O|  |TAMS 0x0000000084800000| PB 0x0000000084800000| Untracked |  0
|  11|0x0000000084900000, 0x00000000849ffff0, 0x0000000084a00000| 99%| O|  |TAMS 0x0000000084900000| PB 0x0000000084900000| Untracked |  0
|  12|0x0000000084a00000, 0x0000000084b00000, 0x0000000084b00000|100%| O|  |TAMS 0x0000000084a00000| PB 0x0000000084a00000| Untracked |  0
|  13|0x0000000084b00000, 0x0000000084bfffc8, 0x0000000084c00000| 99%| O|  |TAMS 0x0000000084b00000| PB 0x0000000084b00000| Untracked |  0
|  14|0x0000000084c00000, 0x0000000084cffff0, 0x0000000084d00000| 99%| O|  |TAMS 0x0000000084c00000| PB 0x0000000084c00000| Untracked |  0
|  15|0x0000000084d00000, 0x0000000084dfffb0, 0x0000000084e00000| 99%| O|  |TAMS 0x0000000084d00000| PB 0x0000000084d00000| Untracked |  0
|  16|0x0000000084e00000, 0x0000000084f00000, 0x0000000084f00000|100%| O|  |TAMS 0x0000000084e00000| PB 0x0000000084e00000| Untracked |  0
|  17|0x0000000084f00000, 0x0000000084ffffe0, 0x0000000085000000| 99%| O|  |TAMS 0x0000000084f00000| PB 0x0000000084f00000| Untracked |  0
|  18|0x0000000085000000, 0x0000000085100000, 0x0000000085100000|100%| O|  |TAMS 0x0000000085000000| PB 0x0000000085000000| Untracked |  0
|  19|0x0000000085100000, 0x00000000851fffb0, 0x0000000085200000| 99%| O|  |TAMS 0x0000000085100000| PB 0x0000000085100000| Untracked |  0
|  20|0x0000000085200000, 0x00000000852fffe0, 0x0000000085300000| 99%| O|  |TAMS 0x0000000085200000| PB 0x0000000085200000| Untracked |  0
|  21|0x0000000085300000, 0x00000000853fffe0, 0x0000000085400000| 99%| O|  |TAMS 0x0000000085300000| PB 0x0000000085300000| Untracked |  0
|  22|0x0000000085400000, 0x00000000854ffff8, 0x0000000085500000| 99%| O|  |TAMS 0x0000000085400000| PB 0x0000000085400000| Untracked |  0
|  23|0x0000000085500000, 0x00000000855ffff0, 0x0000000085600000| 99%| O|  |TAMS 0x0000000085500000| PB 0x0000000085500000| Untracked |  0
|  24|0x0000000085600000, 0x00000000856fffe8, 0x0000000085700000| 99%| O|  |TAMS 0x0000000085600000| PB 0x0000000085600000| Untracked |  0
|  25|0x0000000085700000, 0x00000000857fff40, 0x0000000085800000| 99%| O|  |TAMS 0x0000000085700000| PB 0x0000000085700000| Untracked |  0
|  26|0x0000000085800000, 0x0000000085900000, 0x0000000085900000|100%| O|Cm|TAMS 0x0000000085800000| PB 0x0000000085800000| Complete |  0
|  27|0x0000000085900000, 0x0000000085a00000, 0x0000000085a00000|100%| O|  |TAMS 0x0000000085900000| PB 0x0000000085900000| Untracked |  0
|  28|0x0000000085a00000, 0x0000000085b00000, 0x0000000085b00000|100%| O|  |TAMS 0x0000000085a00000| PB 0x0000000085a00000| Untracked |  0
|  29|0x0000000085b00000, 0x0000000085c00000, 0x0000000085c00000|100%| O|  |TAMS 0x0000000085b00000| PB 0x0000000085b00000| Untracked |  0
|  30|0x0000000085c00000, 0x0000000085d00000, 0x0000000085d00000|100%| O|  |TAMS 0x0000000085c00000| PB 0x0000000085c00000| Untracked |  0
|  31|0x0000000085d00000, 0x0000000085d00000, 0x0000000085e00000|  0%| F|  |TAMS 0x0000000085d00000| PB 0x0000000085d00000| Untracked |  0
|  32|0x0000000085e00000, 0x0000000085f00000, 0x0000000085f00000|100%| O|  |TAMS 0x0000000085e00000| PB 0x0000000085e00000| Untracked |  0
|  33|0x0000000085f00000, 0x0000000086000000, 0x0000000086000000|100%| O|  |TAMS 0x0000000085f00000| PB 0x0000000085f00000| Untracked |  0
|  34|0x0000000086000000, 0x0000000086100000, 0x0000000086100000|100%| O|  |TAMS 0x0000000086000000| PB 0x0000000086000000| Untracked |  0
|  35|0x0000000086100000, 0x0000000086200000, 0x0000000086200000|100%| O|  |TAMS 0x0000000086100000| PB 0x0000000086100000| Untracked |  0
|  36|0x0000000086200000, 0x00000000862ffff8, 0x0000000086300000| 99%| O|  |TAMS 0x0000000086200000| PB 0x0000000086200000| Untracked |  0
|  37|0x0000000086300000, 0x0000000086400000, 0x0000000086400000|100%| O|  |TAMS 0x0000000086300000| PB 0x0000000086300000| Untracked |  0
|  38|0x0000000086400000, 0x0000000086500000, 0x0000000086500000|100%| O|  |TAMS 0x0000000086400000| PB 0x0000000086400000| Untracked |  0
|  39|0x0000000086500000, 0x0000000086600000, 0x0000000086600000|100%| O|  |TAMS 0x0000000086500000| PB 0x0000000086500000| Untracked |  0
|  40|0x0000000086600000, 0x0000000086700000, 0x0000000086700000|100%| O|  |TAMS 0x0000000086600000| PB 0x0000000086600000| Untracked |  0
|  41|0x0000000086700000, 0x0000000086800000, 0x0000000086800000|100%| O|  |TAMS 0x0000000086700000| PB 0x0000000086700000| Untracked |  0
|  42|0x0000000086800000, 0x0000000086900000, 0x0000000086900000|100%| O|  |TAMS 0x0000000086800000| PB 0x0000000086800000| Untracked |  0
|  43|0x0000000086900000, 0x0000000086a00000, 0x0000000086a00000|100%| O|  |TAMS 0x0000000086900000| PB 0x0000000086900000| Untracked |  0
|  44|0x0000000086a00000, 0x0000000086b00000, 0x0000000086b00000|100%| O|  |TAMS 0x0000000086a00000| PB 0x0000000086a00000| Untracked |  0
|  45|0x0000000086b00000, 0x0000000086c00000, 0x0000000086c00000|100%| O|  |TAMS 0x0000000086b00000| PB 0x0000000086b00000| Untracked |  0
|  46|0x0000000086c00000, 0x0000000086d00000, 0x0000000086d00000|100%| O|  |TAMS 0x0000000086c00000| PB 0x0000000086c00000| Untracked |  0
|  47|0x0000000086d00000, 0x0000000086e00000, 0x0000000086e00000|100%| O|  |TAMS 0x0000000086d00000| PB 0x0000000086d00000| Untracked |  0
|  48|0x0000000086e00000, 0x0000000086f00000, 0x0000000086f00000|100%| O|  |TAMS 0x0000000086e00000| PB 0x0000000086e00000| Untracked |  0
|  49|0x0000000086f00000, 0x0000000086ffc420, 0x0000000087000000| 98%| O|  |TAMS 0x0000000086f00000| PB 0x0000000086f00000| Untracked |  0
|  50|0x0000000087000000, 0x0000000087100000, 0x0000000087100000|100%| O|  |TAMS 0x0000000087000000| PB 0x0000000087000000| Untracked |  0
|  51|0x0000000087100000, 0x0000000087200000, 0x0000000087200000|100%| O|  |TAMS 0x0000000087100000| PB 0x0000000087100000| Untracked |  0
|  52|0x0000000087200000, 0x0000000087300000, 0x0000000087300000|100%| O|  |TAMS 0x0000000087200000| PB 0x0000000087200000| Untracked |  0
|  53|0x0000000087300000, 0x0000000087400000, 0x0000000087400000|100%| O|  |TAMS 0x0000000087300000| PB 0x0000000087300000| Untracked |  0
|  54|0x0000000087400000, 0x0000000087500000, 0x0000000087500000|100%| O|  |TAMS 0x0000000087400000| PB 0x0000000087400000| Untracked |  0
|  55|0x0000000087500000, 0x0000000087600000, 0x0000000087600000|100%| O|  |TAMS 0x0000000087500000| PB 0x0000000087500000| Untracked |  0
|  56|0x0000000087600000, 0x0000000087700000, 0x0000000087700000|100%| O|  |TAMS 0x0000000087600000| PB 0x0000000087600000| Untracked |  0
|  57|0x0000000087700000, 0x0000000087800000, 0x0000000087800000|100%| O|  |TAMS 0x0000000087700000| PB 0x0000000087700000| Untracked |  0
|  58|0x0000000087800000, 0x0000000087900000, 0x0000000087900000|100%| O|  |TAMS 0x0000000087800000| PB 0x0000000087800000| Untracked |  0
|  59|0x0000000087900000, 0x0000000087a00000, 0x0000000087a00000|100%| O|  |TAMS 0x0000000087900000| PB 0x0000000087900000| Untracked |  0
|  60|0x0000000087a00000, 0x0000000087b00000, 0x0000000087b00000|100%| O|  |TAMS 0x0000000087a00000| PB 0x0000000087a00000| Untracked |  0
|  61|0x0000000087b00000, 0x0000000087c00000, 0x0000000087c00000|100%| O|  |TAMS 0x0000000087b00000| PB 0x0000000087b00000| Untracked |  0
|  62|0x0000000087c00000, 0x0000000087d00000, 0x0000000087d00000|100%| O|  |TAMS 0x0000000087c00000| PB 0x0000000087c00000| Untracked |  0
|  63|0x0000000087d00000, 0x0000000087e00000, 0x0000000087e00000|100%| O|  |TAMS 0x0000000087d00000| PB 0x0000000087d00000| Untracked |  0
|  64|0x0000000087e00000, 0x0000000087f00000, 0x0000000087f00000|100%|HS|  |TAMS 0x0000000087e00000| PB 0x0000000087e00000| Complete |  0
|  65|0x0000000087f00000, 0x0000000088000000, 0x0000000088000000|100%|HC|  |TAMS 0x0000000087f00000| PB 0x0000000087f00000| Complete |  0
|  66|0x0000000088000000, 0x0000000088100000, 0x0000000088100000|100%|HC|  |TAMS 0x0000000088000000| PB 0x0000000088000000| Complete |  0
|  67|0x0000000088100000, 0x0000000088200000, 0x0000000088200000|100%| O|  |TAMS 0x0000000088100000| PB 0x0000000088100000| Untracked |  0
|  68|0x0000000088200000, 0x0000000088200000, 0x0000000088300000|  0%| F|  |TAMS 0x0000000088200000| PB 0x0000000088200000| Untracked |  0
|  69|0x0000000088300000, 0x0000000088400000, 0x0000000088400000|100%| O|  |TAMS 0x0000000088300000| PB 0x0000000088300000| Untracked |  0
|  70|0x0000000088400000, 0x0000000088400000, 0x0000000088500000|  0%| F|  |TAMS 0x0000000088400000| PB 0x0000000088400000| Untracked |  0
|  71|0x0000000088500000, 0x0000000088600000, 0x0000000088600000|100%| O|  |TAMS 0x0000000088500000| PB 0x0000000088500000| Untracked |  0
|  72|0x0000000088600000, 0x0000000088700000, 0x0000000088700000|100%| O|  |TAMS 0x0000000088600000| PB 0x0000000088600000| Untracked |  0
|  73|0x0000000088700000, 0x0000000088800000, 0x0000000088800000|100%| O|  |TAMS 0x0000000088700000| PB 0x0000000088700000| Untracked |  0
|  74|0x0000000088800000, 0x0000000088900000, 0x0000000088900000|100%| O|  |TAMS 0x0000000088800000| PB 0x0000000088800000| Untracked |  0
|  75|0x0000000088900000, 0x0000000088a00000, 0x0000000088a00000|100%| O|  |TAMS 0x0000000088900000| PB 0x0000000088900000| Untracked |  0
|  76|0x0000000088a00000, 0x0000000088b00000, 0x0000000088b00000|100%| O|Cm|TAMS 0x0000000088a00000| PB 0x0000000088a00000| Complete |  0
|  77|0x0000000088b00000, 0x0000000088c00000, 0x0000000088c00000|100%| O|Cm|TAMS 0x0000000088b00000| PB 0x0000000088b00000| Complete |  0
|  78|0x0000000088c00000, 0x0000000088c00000, 0x0000000088d00000|  0%| F|  |TAMS 0x0000000088c00000| PB 0x0000000088c00000| Untracked |  0
|  79|0x0000000088d00000, 0x0000000088e00000, 0x0000000088e00000|100%| O|  |TAMS 0x0000000088d00000| PB 0x0000000088d00000| Untracked |  0
|  80|0x0000000088e00000, 0x0000000088f00000, 0x0000000088f00000|100%| O|  |TAMS 0x0000000088e00000| PB 0x0000000088e00000| Untracked |  0
|  81|0x0000000088f00000, 0x0000000089000000, 0x0000000089000000|100%| O|  |TAMS 0x0000000088f00000| PB 0x0000000088f00000| Untracked |  0
|  82|0x0000000089000000, 0x0000000089100000, 0x0000000089100000|100%| O|  |TAMS 0x0000000089000000| PB 0x0000000089000000| Untracked |  0
|  83|0x0000000089100000, 0x0000000089200000, 0x0000000089200000|100%| O|  |TAMS 0x0000000089100000| PB 0x0000000089100000| Untracked |  0
|  84|0x0000000089200000, 0x0000000089300000, 0x0000000089300000|100%| O|  |TAMS 0x0000000089200000| PB 0x0000000089200000| Untracked |  0
|  85|0x0000000089300000, 0x0000000089400000, 0x0000000089400000|100%| O|  |TAMS 0x0000000089300000| PB 0x0000000089300000| Untracked |  0
|  86|0x0000000089400000, 0x0000000089500000, 0x0000000089500000|100%| O|  |TAMS 0x0000000089400000| PB 0x0000000089400000| Untracked |  0
|  87|0x0000000089500000, 0x0000000089600000, 0x0000000089600000|100%| O|  |TAMS 0x0000000089500000| PB 0x0000000089500000| Untracked |  0
|  88|0x0000000089600000, 0x0000000089700000, 0x0000000089700000|100%| O|  |TAMS 0x0000000089600000| PB 0x0000000089600000| Untracked |  0
|  89|0x0000000089700000, 0x0000000089800000, 0x0000000089800000|100%| O|  |TAMS 0x0000000089700000| PB 0x0000000089700000| Untracked |  0
|  90|0x0000000089800000, 0x0000000089900000, 0x0000000089900000|100%| O|  |TAMS 0x0000000089800000| PB 0x0000000089800000| Untracked |  0
|  91|0x0000000089900000, 0x0000000089a00000, 0x0000000089a00000|100%| O|  |TAMS 0x0000000089900000| PB 0x0000000089900000| Untracked |  0
|  92|0x0000000089a00000, 0x0000000089b00000, 0x0000000089b00000|100%| O|  |TAMS 0x0000000089a00000| PB 0x0000000089a00000| Untracked |  0
|  93|0x0000000089b00000, 0x0000000089c00000, 0x0000000089c00000|100%| O|  |TAMS 0x0000000089b00000| PB 0x0000000089b00000| Untracked |  0
|  94|0x0000000089c00000, 0x0000000089c00000, 0x0000000089d00000|  0%| F|  |TAMS 0x0000000089c00000| PB 0x0000000089c00000| Untracked |  0
|  95|0x0000000089d00000, 0x0000000089e00000, 0x0000000089e00000|100%| O|  |TAMS 0x0000000089d00000| PB 0x0000000089d00000| Untracked |  0
|  96|0x0000000089e00000, 0x0000000089f00000, 0x0000000089f00000|100%| O|  |TAMS 0x0000000089e00000| PB 0x0000000089e00000| Untracked |  0
|  97|0x0000000089f00000, 0x000000008a000000, 0x000000008a000000|100%| O|  |TAMS 0x0000000089f00000| PB 0x0000000089f00000| Untracked |  0
|  98|0x000000008a000000, 0x000000008a100000, 0x000000008a100000|100%| O|  |TAMS 0x000000008a000000| PB 0x000000008a000000| Untracked |  0
|  99|0x000000008a100000, 0x000000008a200000, 0x000000008a200000|100%| O|  |TAMS 0x000000008a100000| PB 0x000000008a100000| Untracked |  0
| 100|0x000000008a200000, 0x000000008a300000, 0x000000008a300000|100%| O|  |TAMS 0x000000008a200000| PB 0x000000008a200000| Untracked |  0
| 101|0x000000008a300000, 0x000000008a400000, 0x000000008a400000|100%| O|  |TAMS 0x000000008a300000| PB 0x000000008a300000| Untracked |  0
| 102|0x000000008a400000, 0x000000008a500000, 0x000000008a500000|100%| O|  |TAMS 0x000000008a400000| PB 0x000000008a400000| Untracked |  0
| 103|0x000000008a500000, 0x000000008a600000, 0x000000008a600000|100%| O|  |TAMS 0x000000008a500000| PB 0x000000008a500000| Untracked |  0
| 104|0x000000008a600000, 0x000000008a700000, 0x000000008a700000|100%| O|  |TAMS 0x000000008a600000| PB 0x000000008a600000| Untracked |  0
| 105|0x000000008a700000, 0x000000008a800000, 0x000000008a800000|100%| O|  |TAMS 0x000000008a700000| PB 0x000000008a700000| Untracked |  0
| 106|0x000000008a800000, 0x000000008a900000, 0x000000008a900000|100%| O|  |TAMS 0x000000008a800000| PB 0x000000008a800000| Untracked |  0
| 107|0x000000008a900000, 0x000000008aa00000, 0x000000008aa00000|100%| O|  |TAMS 0x000000008a900000| PB 0x000000008a900000| Untracked |  0
| 108|0x000000008aa00000, 0x000000008ab00000, 0x000000008ab00000|100%| O|  |TAMS 0x000000008aa00000| PB 0x000000008aa00000| Untracked |  0
| 109|0x000000008ab00000, 0x000000008ac00000, 0x000000008ac00000|100%| O|  |TAMS 0x000000008ab00000| PB 0x000000008ab00000| Untracked |  0
| 110|0x000000008ac00000, 0x000000008ad00000, 0x000000008ad00000|100%| O|  |TAMS 0x000000008ac00000| PB 0x000000008ac00000| Untracked |  0
| 111|0x000000008ad00000, 0x000000008ae00000, 0x000000008ae00000|100%| O|  |TAMS 0x000000008ad00000| PB 0x000000008ad00000| Untracked |  0
| 112|0x000000008ae00000, 0x000000008af00000, 0x000000008af00000|100%| O|  |TAMS 0x000000008ae00000| PB 0x000000008ae00000| Untracked |  0
| 113|0x000000008af00000, 0x000000008b000000, 0x000000008b000000|100%| O|  |TAMS 0x000000008af00000| PB 0x000000008af00000| Untracked |  0
| 114|0x000000008b000000, 0x000000008b100000, 0x000000008b100000|100%| O|  |TAMS 0x000000008b000000| PB 0x000000008b000000| Untracked |  0
| 115|0x000000008b100000, 0x000000008b200000, 0x000000008b200000|100%| O|Cm|TAMS 0x000000008b100000| PB 0x000000008b100000| Complete |  0
| 116|0x000000008b200000, 0x000000008b300000, 0x000000008b300000|100%| O|  |TAMS 0x000000008b200000| PB 0x000000008b200000| Untracked |  0
| 117|0x000000008b300000, 0x000000008b300000, 0x000000008b400000|  0%| F|  |TAMS 0x000000008b300000| PB 0x000000008b300000| Untracked |  0
| 118|0x000000008b400000, 0x000000008b400000, 0x000000008b500000|  0%| F|  |TAMS 0x000000008b400000| PB 0x000000008b400000| Untracked |  0
| 119|0x000000008b500000, 0x000000008b500000, 0x000000008b600000|  0%| F|  |TAMS 0x000000008b500000| PB 0x000000008b500000| Untracked |  0
| 120|0x000000008b600000, 0x000000008b700000, 0x000000008b700000|100%| O|  |TAMS 0x000000008b600000| PB 0x000000008b600000| Untracked |  0
| 121|0x000000008b700000, 0x000000008b800000, 0x000000008b800000|100%| O|  |TAMS 0x000000008b700000| PB 0x000000008b700000| Untracked |  0
| 122|0x000000008b800000, 0x000000008b900000, 0x000000008b900000|100%| O|  |TAMS 0x000000008b800000| PB 0x000000008b800000| Untracked |  0
| 123|0x000000008b900000, 0x000000008ba00000, 0x000000008ba00000|100%| O|  |TAMS 0x000000008b900000| PB 0x000000008b900000| Untracked |  0
| 124|0x000000008ba00000, 0x000000008bb00000, 0x000000008bb00000|100%| O|  |TAMS 0x000000008ba00000| PB 0x000000008ba00000| Untracked |  0
| 125|0x000000008bb00000, 0x000000008bc00000, 0x000000008bc00000|100%| O|  |TAMS 0x000000008bb00000| PB 0x000000008bb00000| Untracked |  0
| 126|0x000000008bc00000, 0x000000008bd00000, 0x000000008bd00000|100%| O|  |TAMS 0x000000008bc00000| PB 0x000000008bc00000| Untracked |  0
| 127|0x000000008bd00000, 0x000000008be00000, 0x000000008be00000|100%| O|  |TAMS 0x000000008bd00000| PB 0x000000008bd00000| Untracked |  0
| 128|0x000000008be00000, 0x000000008bf00000, 0x000000008bf00000|100%| O|  |TAMS 0x000000008be00000| PB 0x000000008be00000| Untracked |  0
| 129|0x000000008bf00000, 0x000000008c000000, 0x000000008c000000|100%| O|  |TAMS 0x000000008bf00000| PB 0x000000008bf00000| Untracked |  0
| 130|0x000000008c000000, 0x000000008c100000, 0x000000008c100000|100%| O|  |TAMS 0x000000008c000000| PB 0x000000008c000000| Untracked |  0
| 131|0x000000008c100000, 0x000000008c200000, 0x000000008c200000|100%| O|  |TAMS 0x000000008c100000| PB 0x000000008c100000| Untracked |  0
| 132|0x000000008c200000, 0x000000008c300000, 0x000000008c300000|100%| O|  |TAMS 0x000000008c200000| PB 0x000000008c200000| Untracked |  0
| 133|0x000000008c300000, 0x000000008c400000, 0x000000008c400000|100%| O|  |TAMS 0x000000008c300000| PB 0x000000008c300000| Untracked |  0
| 134|0x000000008c400000, 0x000000008c500000, 0x000000008c500000|100%| O|  |TAMS 0x000000008c400000| PB 0x000000008c400000| Untracked |  0
| 135|0x000000008c500000, 0x000000008c600000, 0x000000008c600000|100%| O|  |TAMS 0x000000008c500000| PB 0x000000008c500000| Untracked |  0
| 136|0x000000008c600000, 0x000000008c700000, 0x000000008c700000|100%| O|Cm|TAMS 0x000000008c600000| PB 0x000000008c600000| Complete |  0
| 137|0x000000008c700000, 0x000000008c800000, 0x000000008c800000|100%| O|  |TAMS 0x000000008c700000| PB 0x000000008c700000| Untracked |  0
| 138|0x000000008c800000, 0x000000008c900000, 0x000000008c900000|100%| O|  |TAMS 0x000000008c800000| PB 0x000000008c800000| Untracked |  0
| 139|0x000000008c900000, 0x000000008ca00000, 0x000000008ca00000|100%| O|  |TAMS 0x000000008c900000| PB 0x000000008c900000| Untracked |  0
| 140|0x000000008ca00000, 0x000000008cb00000, 0x000000008cb00000|100%| O|  |TAMS 0x000000008ca00000| PB 0x000000008ca00000| Untracked |  0
| 141|0x000000008cb00000, 0x000000008cc00000, 0x000000008cc00000|100%| O|  |TAMS 0x000000008cb00000| PB 0x000000008cb00000| Untracked |  0
| 142|0x000000008cc00000, 0x000000008cd00000, 0x000000008cd00000|100%| O|  |TAMS 0x000000008cc00000| PB 0x000000008cc00000| Untracked |  0
| 143|0x000000008cd00000, 0x000000008ce00000, 0x000000008ce00000|100%| O|  |TAMS 0x000000008cd00000| PB 0x000000008cd00000| Untracked |  0
| 144|0x000000008ce00000, 0x000000008cf00000, 0x000000008cf00000|100%| O|  |TAMS 0x000000008ce00000| PB 0x000000008ce00000| Untracked |  0
| 145|0x000000008cf00000, 0x000000008d000000, 0x000000008d000000|100%| O|  |TAMS 0x000000008cf00000| PB 0x000000008cf00000| Untracked |  0
| 146|0x000000008d000000, 0x000000008d000000, 0x000000008d100000|  0%| F|  |TAMS 0x000000008d000000| PB 0x000000008d000000| Untracked |  0
| 147|0x000000008d100000, 0x000000008d200000, 0x000000008d200000|100%| O|  |TAMS 0x000000008d100000| PB 0x000000008d100000| Untracked |  0
| 148|0x000000008d200000, 0x000000008d300000, 0x000000008d300000|100%| O|  |TAMS 0x000000008d200000| PB 0x000000008d200000| Untracked |  0
| 149|0x000000008d300000, 0x000000008d400000, 0x000000008d400000|100%| O|  |TAMS 0x000000008d300000| PB 0x000000008d300000| Untracked |  0
| 150|0x000000008d400000, 0x000000008d500000, 0x000000008d500000|100%| O|  |TAMS 0x000000008d400000| PB 0x000000008d400000| Untracked |  0
| 151|0x000000008d500000, 0x000000008d600000, 0x000000008d600000|100%|HS|  |TAMS 0x000000008d500000| PB 0x000000008d500000| Complete |  0
| 152|0x000000008d600000, 0x000000008d700000, 0x000000008d700000|100%| O|  |TAMS 0x000000008d600000| PB 0x000000008d600000| Untracked |  0
| 153|0x000000008d700000, 0x000000008d800000, 0x000000008d800000|100%| O|  |TAMS 0x000000008d700000| PB 0x000000008d700000| Untracked |  0
| 154|0x000000008d800000, 0x000000008d800000, 0x000000008d900000|  0%| F|  |TAMS 0x000000008d800000| PB 0x000000008d800000| Untracked |  0
| 155|0x000000008d900000, 0x000000008da00000, 0x000000008da00000|100%| O|  |TAMS 0x000000008d900000| PB 0x000000008d900000| Untracked |  0
| 156|0x000000008da00000, 0x000000008db00000, 0x000000008db00000|100%| O|  |TAMS 0x000000008da00000| PB 0x000000008da00000| Untracked |  0
| 157|0x000000008db00000, 0x000000008dc00000, 0x000000008dc00000|100%| O|  |TAMS 0x000000008db00000| PB 0x000000008db00000| Untracked |  0
| 158|0x000000008dc00000, 0x000000008dd00000, 0x000000008dd00000|100%| O|  |TAMS 0x000000008dc00000| PB 0x000000008dc00000| Untracked |  0
| 159|0x000000008dd00000, 0x000000008de00000, 0x000000008de00000|100%| O|  |TAMS 0x000000008dd00000| PB 0x000000008dd00000| Untracked |  0
| 160|0x000000008de00000, 0x000000008df00000, 0x000000008df00000|100%| O|  |TAMS 0x000000008de00000| PB 0x000000008de00000| Untracked |  0
| 161|0x000000008df00000, 0x000000008e000000, 0x000000008e000000|100%| O|  |TAMS 0x000000008df00000| PB 0x000000008df00000| Untracked |  0
| 162|0x000000008e000000, 0x000000008e100000, 0x000000008e100000|100%| O|  |TAMS 0x000000008e000000| PB 0x000000008e000000| Untracked |  0
| 163|0x000000008e100000, 0x000000008e200000, 0x000000008e200000|100%| O|  |TAMS 0x000000008e100000| PB 0x000000008e100000| Untracked |  0
| 164|0x000000008e200000, 0x000000008e300000, 0x000000008e300000|100%| O|  |TAMS 0x000000008e200000| PB 0x000000008e200000| Untracked |  0
| 165|0x000000008e300000, 0x000000008e400000, 0x000000008e400000|100%| O|  |TAMS 0x000000008e300000| PB 0x000000008e300000| Untracked |  0
| 166|0x000000008e400000, 0x000000008e500000, 0x000000008e500000|100%| O|  |TAMS 0x000000008e400000| PB 0x000000008e400000| Untracked |  0
| 167|0x000000008e500000, 0x000000008e600000, 0x000000008e600000|100%| O|  |TAMS 0x000000008e500000| PB 0x000000008e500000| Untracked |  0
| 168|0x000000008e600000, 0x000000008e700000, 0x000000008e700000|100%| O|  |TAMS 0x000000008e600000| PB 0x000000008e600000| Untracked |  0
| 169|0x000000008e700000, 0x000000008e800000, 0x000000008e800000|100%| O|  |TAMS 0x000000008e700000| PB 0x000000008e700000| Untracked |  0
| 170|0x000000008e800000, 0x000000008e900000, 0x000000008e900000|100%| O|  |TAMS 0x000000008e800000| PB 0x000000008e800000| Untracked |  0
| 171|0x000000008e900000, 0x000000008ea00000, 0x000000008ea00000|100%| O|  |TAMS 0x000000008e900000| PB 0x000000008e900000| Untracked |  0
| 172|0x000000008ea00000, 0x000000008eb00000, 0x000000008eb00000|100%| O|  |TAMS 0x000000008ea00000| PB 0x000000008ea00000| Untracked |  0
| 173|0x000000008eb00000, 0x000000008ec00000, 0x000000008ec00000|100%| O|  |TAMS 0x000000008eb00000| PB 0x000000008eb00000| Untracked |  0
| 174|0x000000008ec00000, 0x000000008ed00000, 0x000000008ed00000|100%| O|  |TAMS 0x000000008ec00000| PB 0x000000008ec00000| Untracked |  0
| 175|0x000000008ed00000, 0x000000008ee00000, 0x000000008ee00000|100%| O|  |TAMS 0x000000008ed00000| PB 0x000000008ed00000| Untracked |  0
| 176|0x000000008ee00000, 0x000000008ef00000, 0x000000008ef00000|100%| O|  |TAMS 0x000000008ee00000| PB 0x000000008ee00000| Untracked |  0
| 177|0x000000008ef00000, 0x000000008f000000, 0x000000008f000000|100%| O|  |TAMS 0x000000008ef00000| PB 0x000000008ef00000| Untracked |  0
| 178|0x000000008f000000, 0x000000008f100000, 0x000000008f100000|100%| O|  |TAMS 0x000000008f000000| PB 0x000000008f000000| Untracked |  0
| 179|0x000000008f100000, 0x000000008f200000, 0x000000008f200000|100%| O|  |TAMS 0x000000008f100000| PB 0x000000008f100000| Untracked |  0
| 180|0x000000008f200000, 0x000000008f300000, 0x000000008f300000|100%| O|  |TAMS 0x000000008f200000| PB 0x000000008f200000| Untracked |  0
| 181|0x000000008f300000, 0x000000008f400000, 0x000000008f400000|100%| O|  |TAMS 0x000000008f300000| PB 0x000000008f300000| Untracked |  0
| 182|0x000000008f400000, 0x000000008f500000, 0x000000008f500000|100%| O|  |TAMS 0x000000008f400000| PB 0x000000008f400000| Untracked |  0
| 183|0x000000008f500000, 0x000000008f600000, 0x000000008f600000|100%| O|  |TAMS 0x000000008f500000| PB 0x000000008f500000| Untracked |  0
| 184|0x000000008f600000, 0x000000008f700000, 0x000000008f700000|100%| O|  |TAMS 0x000000008f600000| PB 0x000000008f600000| Untracked |  0
| 185|0x000000008f700000, 0x000000008f800000, 0x000000008f800000|100%| O|  |TAMS 0x000000008f700000| PB 0x000000008f700000| Untracked |  0
| 186|0x000000008f800000, 0x000000008f900000, 0x000000008f900000|100%| O|  |TAMS 0x000000008f800000| PB 0x000000008f800000| Untracked |  0
| 187|0x000000008f900000, 0x000000008fa00000, 0x000000008fa00000|100%| O|  |TAMS 0x000000008f900000| PB 0x000000008f900000| Untracked |  0
| 188|0x000000008fa00000, 0x000000008fb00000, 0x000000008fb00000|100%| O|  |TAMS 0x000000008fa00000| PB 0x000000008fa00000| Untracked |  0
| 189|0x000000008fb00000, 0x000000008fc00000, 0x000000008fc00000|100%| O|  |TAMS 0x000000008fb00000| PB 0x000000008fb00000| Untracked |  0
| 190|0x000000008fc00000, 0x000000008fd00000, 0x000000008fd00000|100%| O|  |TAMS 0x000000008fc00000| PB 0x000000008fc00000| Untracked |  0
| 191|0x000000008fd00000, 0x000000008fe00000, 0x000000008fe00000|100%| O|  |TAMS 0x000000008fd00000| PB 0x000000008fd00000| Untracked |  0
| 192|0x000000008fe00000, 0x000000008ff00000, 0x000000008ff00000|100%| O|  |TAMS 0x000000008fe00000| PB 0x000000008fe00000| Untracked |  0
| 193|0x000000008ff00000, 0x0000000090000000, 0x0000000090000000|100%| O|  |TAMS 0x000000008ff00000| PB 0x000000008ff00000| Untracked |  0
| 194|0x0000000090000000, 0x0000000090100000, 0x0000000090100000|100%| O|  |TAMS 0x0000000090000000| PB 0x0000000090000000| Untracked |  0
| 195|0x0000000090100000, 0x0000000090200000, 0x0000000090200000|100%| O|  |TAMS 0x0000000090100000| PB 0x0000000090100000| Untracked |  0
| 196|0x0000000090200000, 0x0000000090300000, 0x0000000090300000|100%| O|  |TAMS 0x0000000090200000| PB 0x0000000090200000| Untracked |  0
| 197|0x0000000090300000, 0x0000000090400000, 0x0000000090400000|100%| O|  |TAMS 0x0000000090300000| PB 0x0000000090300000| Untracked |  0
| 198|0x0000000090400000, 0x0000000090500000, 0x0000000090500000|100%| O|  |TAMS 0x0000000090400000| PB 0x0000000090400000| Untracked |  0
| 199|0x0000000090500000, 0x0000000090600000, 0x0000000090600000|100%| O|  |TAMS 0x0000000090500000| PB 0x0000000090500000| Untracked |  0
| 200|0x0000000090600000, 0x0000000090700000, 0x0000000090700000|100%| O|  |TAMS 0x0000000090600000| PB 0x0000000090600000| Untracked |  0
| 201|0x0000000090700000, 0x0000000090800000, 0x0000000090800000|100%| O|  |TAMS 0x0000000090700000| PB 0x0000000090700000| Untracked |  0
| 202|0x0000000090800000, 0x0000000090900000, 0x0000000090900000|100%| O|  |TAMS 0x0000000090800000| PB 0x0000000090800000| Untracked |  0
| 203|0x0000000090900000, 0x0000000090a00000, 0x0000000090a00000|100%| O|  |TAMS 0x0000000090900000| PB 0x0000000090900000| Untracked |  0
| 204|0x0000000090a00000, 0x0000000090b00000, 0x0000000090b00000|100%| O|  |TAMS 0x0000000090a00000| PB 0x0000000090a00000| Untracked |  0
| 205|0x0000000090b00000, 0x0000000090c00000, 0x0000000090c00000|100%| O|  |TAMS 0x0000000090b00000| PB 0x0000000090b00000| Untracked |  0
| 206|0x0000000090c00000, 0x0000000090d00000, 0x0000000090d00000|100%| O|  |TAMS 0x0000000090c00000| PB 0x0000000090c00000| Untracked |  0
| 207|0x0000000090d00000, 0x0000000090e00000, 0x0000000090e00000|100%| O|  |TAMS 0x0000000090d00000| PB 0x0000000090d00000| Untracked |  0
| 208|0x0000000090e00000, 0x0000000090f00000, 0x0000000090f00000|100%| O|  |TAMS 0x0000000090e00000| PB 0x0000000090e00000| Untracked |  0
| 209|0x0000000090f00000, 0x0000000091000000, 0x0000000091000000|100%| O|  |TAMS 0x0000000090f00000| PB 0x0000000090f00000| Untracked |  0
| 210|0x0000000091000000, 0x0000000091100000, 0x0000000091100000|100%| O|  |TAMS 0x0000000091000000| PB 0x0000000091000000| Untracked |  0
| 211|0x0000000091100000, 0x0000000091200000, 0x0000000091200000|100%| O|  |TAMS 0x0000000091100000| PB 0x0000000091100000| Untracked |  0
| 212|0x0000000091200000, 0x0000000091300000, 0x0000000091300000|100%| O|  |TAMS 0x0000000091200000| PB 0x0000000091200000| Untracked |  0
| 213|0x0000000091300000, 0x0000000091400000, 0x0000000091400000|100%| O|  |TAMS 0x0000000091300000| PB 0x0000000091300000| Untracked |  0
| 214|0x0000000091400000, 0x0000000091500000, 0x0000000091500000|100%| O|  |TAMS 0x0000000091400000| PB 0x0000000091400000| Untracked |  0
| 215|0x0000000091500000, 0x0000000091600000, 0x0000000091600000|100%| O|  |TAMS 0x0000000091500000| PB 0x0000000091500000| Untracked |  0
| 216|0x0000000091600000, 0x0000000091700000, 0x0000000091700000|100%| O|  |TAMS 0x0000000091600000| PB 0x0000000091600000| Untracked |  0
| 217|0x0000000091700000, 0x0000000091800000, 0x0000000091800000|100%| O|  |TAMS 0x0000000091700000| PB 0x0000000091700000| Untracked |  0
| 218|0x0000000091800000, 0x0000000091900000, 0x0000000091900000|100%| O|  |TAMS 0x0000000091800000| PB 0x0000000091800000| Untracked |  0
| 219|0x0000000091900000, 0x0000000091a00000, 0x0000000091a00000|100%| O|  |TAMS 0x0000000091900000| PB 0x0000000091900000| Untracked |  0
| 220|0x0000000091a00000, 0x0000000091b00000, 0x0000000091b00000|100%| O|  |TAMS 0x0000000091a00000| PB 0x0000000091a00000| Untracked |  0
| 221|0x0000000091b00000, 0x0000000091c00000, 0x0000000091c00000|100%| O|  |TAMS 0x0000000091b00000| PB 0x0000000091b00000| Untracked |  0
| 222|0x0000000091c00000, 0x0000000091c00000, 0x0000000091d00000|  0%| F|  |TAMS 0x0000000091c00000| PB 0x0000000091c00000| Untracked |  0
| 223|0x0000000091d00000, 0x0000000091d00000, 0x0000000091e00000|  0%| F|  |TAMS 0x0000000091d00000| PB 0x0000000091d00000| Untracked |  0
| 224|0x0000000091e00000, 0x0000000091e00000, 0x0000000091f00000|  0%| F|  |TAMS 0x0000000091e00000| PB 0x0000000091e00000| Untracked |  0
| 225|0x0000000091f00000, 0x0000000091f00000, 0x0000000092000000|  0%| F|  |TAMS 0x0000000091f00000| PB 0x0000000091f00000| Untracked |  0
| 226|0x0000000092000000, 0x0000000092000000, 0x0000000092100000|  0%| F|  |TAMS 0x0000000092000000| PB 0x0000000092000000| Untracked |  0
| 227|0x0000000092100000, 0x0000000092200000, 0x0000000092200000|100%|HS|  |TAMS 0x0000000092100000| PB 0x0000000092100000| Complete |  0
| 228|0x0000000092200000, 0x0000000092300000, 0x0000000092300000|100%|HC|  |TAMS 0x0000000092200000| PB 0x0000000092200000| Complete |  0
| 229|0x0000000092300000, 0x0000000092400000, 0x0000000092400000|100%|HC|  |TAMS 0x0000000092300000| PB 0x0000000092300000| Complete |  0
| 230|0x0000000092400000, 0x0000000092500000, 0x0000000092500000|100%| O|  |TAMS 0x0000000092400000| PB 0x0000000092400000| Untracked |  0
| 231|0x0000000092500000, 0x0000000092600000, 0x0000000092600000|100%| O|  |TAMS 0x0000000092500000| PB 0x0000000092500000| Untracked |  0
| 232|0x0000000092600000, 0x0000000092700000, 0x0000000092700000|100%| O|  |TAMS 0x0000000092600000| PB 0x0000000092600000| Untracked |  0
| 233|0x0000000092700000, 0x0000000092800000, 0x0000000092800000|100%| O|  |TAMS 0x0000000092700000| PB 0x0000000092700000| Untracked |  0
| 234|0x0000000092800000, 0x0000000092900000, 0x0000000092900000|100%| O|  |TAMS 0x0000000092800000| PB 0x0000000092800000| Untracked |  0
| 235|0x0000000092900000, 0x0000000092a00000, 0x0000000092a00000|100%| O|  |TAMS 0x0000000092900000| PB 0x0000000092900000| Untracked |  0
| 236|0x0000000092a00000, 0x0000000092b00000, 0x0000000092b00000|100%| O|  |TAMS 0x0000000092a00000| PB 0x0000000092a00000| Untracked |  0
| 237|0x0000000092b00000, 0x0000000092c00000, 0x0000000092c00000|100%| O|  |TAMS 0x0000000092b00000| PB 0x0000000092b00000| Untracked |  0
| 238|0x0000000092c00000, 0x0000000092d00000, 0x0000000092d00000|100%| O|  |TAMS 0x0000000092c00000| PB 0x0000000092c00000| Untracked |  0
| 239|0x0000000092d00000, 0x0000000092e00000, 0x0000000092e00000|100%| O|  |TAMS 0x0000000092d00000| PB 0x0000000092d00000| Untracked |  0
| 240|0x0000000092e00000, 0x0000000092f00000, 0x0000000092f00000|100%| O|  |TAMS 0x0000000092e00000| PB 0x0000000092e00000| Untracked |  0
| 241|0x0000000092f00000, 0x0000000093000000, 0x0000000093000000|100%| O|  |TAMS 0x0000000092f00000| PB 0x0000000092f00000| Untracked |  0
| 242|0x0000000093000000, 0x0000000093100000, 0x0000000093100000|100%| O|  |TAMS 0x0000000093000000| PB 0x0000000093000000| Untracked |  0
| 243|0x0000000093100000, 0x0000000093200000, 0x0000000093200000|100%| O|  |TAMS 0x0000000093100000| PB 0x0000000093100000| Untracked |  0
| 244|0x0000000093200000, 0x0000000093300000, 0x0000000093300000|100%| O|  |TAMS 0x0000000093200000| PB 0x0000000093200000| Untracked |  0
| 245|0x0000000093300000, 0x0000000093400000, 0x0000000093400000|100%| O|  |TAMS 0x0000000093300000| PB 0x0000000093300000| Untracked |  0
| 246|0x0000000093400000, 0x0000000093500000, 0x0000000093500000|100%| O|  |TAMS 0x0000000093400000| PB 0x0000000093400000| Untracked |  0
| 247|0x0000000093500000, 0x0000000093600000, 0x0000000093600000|100%| O|  |TAMS 0x0000000093500000| PB 0x0000000093500000| Untracked |  0
| 248|0x0000000093600000, 0x0000000093700000, 0x0000000093700000|100%| O|  |TAMS 0x0000000093600000| PB 0x0000000093600000| Untracked |  0
| 249|0x0000000093700000, 0x0000000093800000, 0x0000000093800000|100%| O|  |TAMS 0x0000000093700000| PB 0x0000000093700000| Untracked |  0
| 250|0x0000000093800000, 0x0000000093900000, 0x0000000093900000|100%| O|  |TAMS 0x0000000093800000| PB 0x0000000093800000| Untracked |  0
| 251|0x0000000093900000, 0x0000000093a00000, 0x0000000093a00000|100%| O|  |TAMS 0x0000000093900000| PB 0x0000000093900000| Untracked |  0
| 252|0x0000000093a00000, 0x0000000093b00000, 0x0000000093b00000|100%| O|  |TAMS 0x0000000093a00000| PB 0x0000000093a00000| Untracked |  0
| 253|0x0000000093b00000, 0x0000000093c00000, 0x0000000093c00000|100%| O|  |TAMS 0x0000000093b00000| PB 0x0000000093b00000| Untracked |  0
| 254|0x0000000093c00000, 0x0000000093d00000, 0x0000000093d00000|100%| O|  |TAMS 0x0000000093c00000| PB 0x0000000093c00000| Untracked |  0
| 255|0x0000000093d00000, 0x0000000093e00000, 0x0000000093e00000|100%| O|  |TAMS 0x0000000093d00000| PB 0x0000000093d00000| Untracked |  0
| 256|0x0000000093e00000, 0x0000000093f00000, 0x0000000093f00000|100%| O|  |TAMS 0x0000000093e00000| PB 0x0000000093e00000| Untracked |  0
| 257|0x0000000093f00000, 0x0000000094000000, 0x0000000094000000|100%| O|  |TAMS 0x0000000093f00000| PB 0x0000000093f00000| Untracked |  0
| 258|0x0000000094000000, 0x0000000094100000, 0x0000000094100000|100%| O|  |TAMS 0x0000000094000000| PB 0x0000000094000000| Untracked |  0
| 259|0x0000000094100000, 0x0000000094200000, 0x0000000094200000|100%| O|  |TAMS 0x0000000094100000| PB 0x0000000094100000| Untracked |  0
| 260|0x0000000094200000, 0x0000000094300000, 0x0000000094300000|100%| O|  |TAMS 0x0000000094200000| PB 0x0000000094200000| Untracked |  0
| 261|0x0000000094300000, 0x0000000094400000, 0x0000000094400000|100%| O|  |TAMS 0x0000000094300000| PB 0x0000000094300000| Untracked |  0
| 262|0x0000000094400000, 0x0000000094500000, 0x0000000094500000|100%| O|  |TAMS 0x0000000094400000| PB 0x0000000094400000| Untracked |  0
| 263|0x0000000094500000, 0x0000000094600000, 0x0000000094600000|100%| O|  |TAMS 0x0000000094500000| PB 0x0000000094500000| Untracked |  0
| 264|0x0000000094600000, 0x0000000094680000, 0x0000000094700000| 50%| O|  |TAMS 0x0000000094600000| PB 0x0000000094600000| Untracked |  0
| 265|0x0000000094700000, 0x0000000094700000, 0x0000000094800000|  0%| F|  |TAMS 0x0000000094700000| PB 0x0000000094700000| Untracked |  0
| 266|0x0000000094800000, 0x0000000094800000, 0x0000000094900000|  0%| F|  |TAMS 0x0000000094800000| PB 0x0000000094800000| Untracked |  0
| 267|0x0000000094900000, 0x0000000094900000, 0x0000000094a00000|  0%| F|  |TAMS 0x0000000094900000| PB 0x0000000094900000| Untracked |  0
| 268|0x0000000094a00000, 0x0000000094a00000, 0x0000000094b00000|  0%| F|  |TAMS 0x0000000094a00000| PB 0x0000000094a00000| Untracked |  0
| 269|0x0000000094b00000, 0x0000000094b00000, 0x0000000094c00000|  0%| F|  |TAMS 0x0000000094b00000| PB 0x0000000094b00000| Untracked |  0
| 270|0x0000000094c00000, 0x0000000094c00000, 0x0000000094d00000|  0%| F|  |TAMS 0x0000000094c00000| PB 0x0000000094c00000| Untracked |  0
| 271|0x0000000094d00000, 0x0000000094d00000, 0x0000000094e00000|  0%| F|  |TAMS 0x0000000094d00000| PB 0x0000000094d00000| Untracked |  0
| 272|0x0000000094e00000, 0x0000000094e00000, 0x0000000094f00000|  0%| F|  |TAMS 0x0000000094e00000| PB 0x0000000094e00000| Untracked |  0
| 273|0x0000000094f00000, 0x0000000094f00000, 0x0000000095000000|  0%| F|  |TAMS 0x0000000094f00000| PB 0x0000000094f00000| Untracked |  0
| 274|0x0000000095000000, 0x0000000095000000, 0x0000000095100000|  0%| F|  |TAMS 0x0000000095000000| PB 0x0000000095000000| Untracked |  0
| 275|0x0000000095100000, 0x0000000095100000, 0x0000000095200000|  0%| F|  |TAMS 0x0000000095100000| PB 0x0000000095100000| Untracked |  0
| 276|0x0000000095200000, 0x0000000095200000, 0x0000000095300000|  0%| F|  |TAMS 0x0000000095200000| PB 0x0000000095200000| Untracked |  0
| 277|0x0000000095300000, 0x0000000095300000, 0x0000000095400000|  0%| F|  |TAMS 0x0000000095300000| PB 0x0000000095300000| Untracked |  0
| 278|0x0000000095400000, 0x0000000095400000, 0x0000000095500000|  0%| F|  |TAMS 0x0000000095400000| PB 0x0000000095400000| Untracked |  0
| 279|0x0000000095500000, 0x0000000095500000, 0x0000000095600000|  0%| F|  |TAMS 0x0000000095500000| PB 0x0000000095500000| Untracked |  0
| 280|0x0000000095600000, 0x0000000095600000, 0x0000000095700000|  0%| F|  |TAMS 0x0000000095600000| PB 0x0000000095600000| Untracked |  0
| 281|0x0000000095700000, 0x0000000095700000, 0x0000000095800000|  0%| F|  |TAMS 0x0000000095700000| PB 0x0000000095700000| Untracked |  0
| 282|0x0000000095800000, 0x0000000095800000, 0x0000000095900000|  0%| F|  |TAMS 0x0000000095800000| PB 0x0000000095800000| Untracked |  0
| 283|0x0000000095900000, 0x0000000095900000, 0x0000000095a00000|  0%| F|  |TAMS 0x0000000095900000| PB 0x0000000095900000| Untracked |  0
| 284|0x0000000095a00000, 0x0000000095a00000, 0x0000000095b00000|  0%| F|  |TAMS 0x0000000095a00000| PB 0x0000000095a00000| Untracked |  0
| 285|0x0000000095b00000, 0x0000000095b00000, 0x0000000095c00000|  0%| F|  |TAMS 0x0000000095b00000| PB 0x0000000095b00000| Untracked |  0
| 286|0x0000000095c00000, 0x0000000095c00000, 0x0000000095d00000|  0%| F|  |TAMS 0x0000000095c00000| PB 0x0000000095c00000| Untracked |  0
| 287|0x0000000095d00000, 0x0000000095d00000, 0x0000000095e00000|  0%| F|  |TAMS 0x0000000095d00000| PB 0x0000000095d00000| Untracked |  0
| 288|0x0000000095e00000, 0x0000000095e00000, 0x0000000095f00000|  0%| F|  |TAMS 0x0000000095e00000| PB 0x0000000095e00000| Untracked |  0
| 289|0x0000000095f00000, 0x0000000095f00000, 0x0000000096000000|  0%| F|  |TAMS 0x0000000095f00000| PB 0x0000000095f00000| Untracked |  0
| 290|0x0000000096000000, 0x0000000096000000, 0x0000000096100000|  0%| F|  |TAMS 0x0000000096000000| PB 0x0000000096000000| Untracked |  0
| 291|0x0000000096100000, 0x0000000096100000, 0x0000000096200000|  0%| F|  |TAMS 0x0000000096100000| PB 0x0000000096100000| Untracked |  0
| 292|0x0000000096200000, 0x0000000096200000, 0x0000000096300000|  0%| F|  |TAMS 0x0000000096200000| PB 0x0000000096200000| Untracked |  0
| 293|0x0000000096300000, 0x0000000096300000, 0x0000000096400000|  0%| F|  |TAMS 0x0000000096300000| PB 0x0000000096300000| Untracked |  0
| 294|0x0000000096400000, 0x0000000096400000, 0x0000000096500000|  0%| F|  |TAMS 0x0000000096400000| PB 0x0000000096400000| Untracked |  0
| 295|0x0000000096500000, 0x0000000096500000, 0x0000000096600000|  0%| F|  |TAMS 0x0000000096500000| PB 0x0000000096500000| Untracked |  0
| 296|0x0000000096600000, 0x0000000096600000, 0x0000000096700000|  0%| F|  |TAMS 0x0000000096600000| PB 0x0000000096600000| Untracked |  0
| 297|0x0000000096700000, 0x0000000096700000, 0x0000000096800000|  0%| F|  |TAMS 0x0000000096700000| PB 0x0000000096700000| Untracked |  0
| 298|0x0000000096800000, 0x0000000096800000, 0x0000000096900000|  0%| F|  |TAMS 0x0000000096800000| PB 0x0000000096800000| Untracked |  0
| 299|0x0000000096900000, 0x0000000096900000, 0x0000000096a00000|  0%| F|  |TAMS 0x0000000096900000| PB 0x0000000096900000| Untracked |  0
| 300|0x0000000096a00000, 0x0000000096a00000, 0x0000000096b00000|  0%| F|  |TAMS 0x0000000096a00000| PB 0x0000000096a00000| Untracked |  0
| 301|0x0000000096b00000, 0x0000000096b00000, 0x0000000096c00000|  0%| F|  |TAMS 0x0000000096b00000| PB 0x0000000096b00000| Untracked |  0
| 302|0x0000000096c00000, 0x0000000096c00000, 0x0000000096d00000|  0%| F|  |TAMS 0x0000000096c00000| PB 0x0000000096c00000| Untracked |  0
| 303|0x0000000096d00000, 0x0000000096d00000, 0x0000000096e00000|  0%| F|  |TAMS 0x0000000096d00000| PB 0x0000000096d00000| Untracked |  0
| 304|0x0000000096e00000, 0x0000000096e00000, 0x0000000096f00000|  0%| F|  |TAMS 0x0000000096e00000| PB 0x0000000096e00000| Untracked |  0
| 305|0x0000000096f00000, 0x0000000096f00000, 0x0000000097000000|  0%| F|  |TAMS 0x0000000096f00000| PB 0x0000000096f00000| Untracked |  0
| 306|0x0000000097000000, 0x0000000097000000, 0x0000000097100000|  0%| F|  |TAMS 0x0000000097000000| PB 0x0000000097000000| Untracked |  0
| 307|0x0000000097100000, 0x0000000097100000, 0x0000000097200000|  0%| F|  |TAMS 0x0000000097100000| PB 0x0000000097100000| Untracked |  0
| 308|0x0000000097200000, 0x0000000097200000, 0x0000000097300000|  0%| F|  |TAMS 0x0000000097200000| PB 0x0000000097200000| Untracked |  0
| 309|0x0000000097300000, 0x0000000097300000, 0x0000000097400000|  0%| F|  |TAMS 0x0000000097300000| PB 0x0000000097300000| Untracked |  0
| 310|0x0000000097400000, 0x0000000097400000, 0x0000000097500000|  0%| F|  |TAMS 0x0000000097400000| PB 0x0000000097400000| Untracked |  0
| 311|0x0000000097500000, 0x0000000097500000, 0x0000000097600000|  0%| F|  |TAMS 0x0000000097500000| PB 0x0000000097500000| Untracked |  0
| 312|0x0000000097600000, 0x0000000097600000, 0x0000000097700000|  0%| F|  |TAMS 0x0000000097600000| PB 0x0000000097600000| Untracked |  0
| 313|0x0000000097700000, 0x0000000097700000, 0x0000000097800000|  0%| F|  |TAMS 0x0000000097700000| PB 0x0000000097700000| Untracked |  0
| 314|0x0000000097800000, 0x0000000097800000, 0x0000000097900000|  0%| F|  |TAMS 0x0000000097800000| PB 0x0000000097800000| Untracked |  0
| 315|0x0000000097900000, 0x0000000097900000, 0x0000000097a00000|  0%| F|  |TAMS 0x0000000097900000| PB 0x0000000097900000| Untracked |  0
| 316|0x0000000097a00000, 0x0000000097a00000, 0x0000000097b00000|  0%| F|  |TAMS 0x0000000097a00000| PB 0x0000000097a00000| Untracked |  0
| 317|0x0000000097b00000, 0x0000000097b00000, 0x0000000097c00000|  0%| F|  |TAMS 0x0000000097b00000| PB 0x0000000097b00000| Untracked |  0
| 318|0x0000000097c00000, 0x0000000097c00000, 0x0000000097d00000|  0%| F|  |TAMS 0x0000000097c00000| PB 0x0000000097c00000| Untracked |  0
| 319|0x0000000097d00000, 0x0000000097d00000, 0x0000000097e00000|  0%| F|  |TAMS 0x0000000097d00000| PB 0x0000000097d00000| Untracked |  0
| 320|0x0000000097e00000, 0x0000000097e00000, 0x0000000097f00000|  0%| F|  |TAMS 0x0000000097e00000| PB 0x0000000097e00000| Untracked |  0
| 321|0x0000000097f00000, 0x0000000097f00000, 0x0000000098000000|  0%| F|  |TAMS 0x0000000097f00000| PB 0x0000000097f00000| Untracked |  0
| 322|0x0000000098000000, 0x0000000098000000, 0x0000000098100000|  0%| F|  |TAMS 0x0000000098000000| PB 0x0000000098000000| Untracked |  0
| 323|0x0000000098100000, 0x0000000098100000, 0x0000000098200000|  0%| F|  |TAMS 0x0000000098100000| PB 0x0000000098100000| Untracked |  0
| 324|0x0000000098200000, 0x0000000098200000, 0x0000000098300000|  0%| F|  |TAMS 0x0000000098200000| PB 0x0000000098200000| Untracked |  0
| 325|0x0000000098300000, 0x0000000098300000, 0x0000000098400000|  0%| F|  |TAMS 0x0000000098300000| PB 0x0000000098300000| Untracked |  0
| 326|0x0000000098400000, 0x0000000098400000, 0x0000000098500000|  0%| F|  |TAMS 0x0000000098400000| PB 0x0000000098400000| Untracked |  0
| 327|0x0000000098500000, 0x0000000098500000, 0x0000000098600000|  0%| F|  |TAMS 0x0000000098500000| PB 0x0000000098500000| Untracked |  0
| 328|0x0000000098600000, 0x0000000098600000, 0x0000000098700000|  0%| F|  |TAMS 0x0000000098600000| PB 0x0000000098600000| Untracked |  0
| 329|0x0000000098700000, 0x0000000098700000, 0x0000000098800000|  0%| F|  |TAMS 0x0000000098700000| PB 0x0000000098700000| Untracked |  0
| 330|0x0000000098800000, 0x0000000098800000, 0x0000000098900000|  0%| F|  |TAMS 0x0000000098800000| PB 0x0000000098800000| Untracked |  0
| 331|0x0000000098900000, 0x0000000098900000, 0x0000000098a00000|  0%| F|  |TAMS 0x0000000098900000| PB 0x0000000098900000| Untracked |  0
| 332|0x0000000098a00000, 0x0000000098a00000, 0x0000000098b00000|  0%| F|  |TAMS 0x0000000098a00000| PB 0x0000000098a00000| Untracked |  0
| 333|0x0000000098b00000, 0x0000000098b00000, 0x0000000098c00000|  0%| F|  |TAMS 0x0000000098b00000| PB 0x0000000098b00000| Untracked |  0
| 334|0x0000000098c00000, 0x0000000098c00000, 0x0000000098d00000|  0%| F|  |TAMS 0x0000000098c00000| PB 0x0000000098c00000| Untracked |  0
| 335|0x0000000098d00000, 0x0000000098d00000, 0x0000000098e00000|  0%| F|  |TAMS 0x0000000098d00000| PB 0x0000000098d00000| Untracked |  0
| 336|0x0000000098e00000, 0x0000000098e00000, 0x0000000098f00000|  0%| F|  |TAMS 0x0000000098e00000| PB 0x0000000098e00000| Untracked |  0
| 337|0x0000000098f00000, 0x0000000098f00000, 0x0000000099000000|  0%| F|  |TAMS 0x0000000098f00000| PB 0x0000000098f00000| Untracked |  0
| 338|0x0000000099000000, 0x0000000099000000, 0x0000000099100000|  0%| F|  |TAMS 0x0000000099000000| PB 0x0000000099000000| Untracked |  0
| 339|0x0000000099100000, 0x0000000099100000, 0x0000000099200000|  0%| F|  |TAMS 0x0000000099100000| PB 0x0000000099100000| Untracked |  0
| 340|0x0000000099200000, 0x0000000099200000, 0x0000000099300000|  0%| F|  |TAMS 0x0000000099200000| PB 0x0000000099200000| Untracked |  0
| 341|0x0000000099300000, 0x0000000099300000, 0x0000000099400000|  0%| F|  |TAMS 0x0000000099300000| PB 0x0000000099300000| Untracked |  0
| 342|0x0000000099400000, 0x0000000099400000, 0x0000000099500000|  0%| F|  |TAMS 0x0000000099400000| PB 0x0000000099400000| Untracked |  0
| 343|0x0000000099500000, 0x0000000099500000, 0x0000000099600000|  0%| F|  |TAMS 0x0000000099500000| PB 0x0000000099500000| Untracked |  0
| 344|0x0000000099600000, 0x0000000099600000, 0x0000000099700000|  0%| F|  |TAMS 0x0000000099600000| PB 0x0000000099600000| Untracked |  0
| 345|0x0000000099700000, 0x0000000099700000, 0x0000000099800000|  0%| F|  |TAMS 0x0000000099700000| PB 0x0000000099700000| Untracked |  0
| 346|0x0000000099800000, 0x0000000099800000, 0x0000000099900000|  0%| F|  |TAMS 0x0000000099800000| PB 0x0000000099800000| Untracked |  0
| 347|0x0000000099900000, 0x0000000099900000, 0x0000000099a00000|  0%| F|  |TAMS 0x0000000099900000| PB 0x0000000099900000| Untracked |  0
| 348|0x0000000099a00000, 0x0000000099a00000, 0x0000000099b00000|  0%| F|  |TAMS 0x0000000099a00000| PB 0x0000000099a00000| Untracked |  0
| 349|0x0000000099b00000, 0x0000000099b00000, 0x0000000099c00000|  0%| F|  |TAMS 0x0000000099b00000| PB 0x0000000099b00000| Untracked |  0
| 350|0x0000000099c00000, 0x0000000099c00000, 0x0000000099d00000|  0%| F|  |TAMS 0x0000000099c00000| PB 0x0000000099c00000| Untracked |  0
| 351|0x0000000099d00000, 0x0000000099d00000, 0x0000000099e00000|  0%| F|  |TAMS 0x0000000099d00000| PB 0x0000000099d00000| Untracked |  0
| 352|0x0000000099e00000, 0x0000000099e00000, 0x0000000099f00000|  0%| F|  |TAMS 0x0000000099e00000| PB 0x0000000099e00000| Untracked |  0
| 353|0x0000000099f00000, 0x0000000099f00000, 0x000000009a000000|  0%| F|  |TAMS 0x0000000099f00000| PB 0x0000000099f00000| Untracked |  0
| 354|0x000000009a000000, 0x000000009a000000, 0x000000009a100000|  0%| F|  |TAMS 0x000000009a000000| PB 0x000000009a000000| Untracked |  0
| 355|0x000000009a100000, 0x000000009a100000, 0x000000009a200000|  0%| F|  |TAMS 0x000000009a100000| PB 0x000000009a100000| Untracked |  0
| 356|0x000000009a200000, 0x000000009a200000, 0x000000009a300000|  0%| F|  |TAMS 0x000000009a200000| PB 0x000000009a200000| Untracked |  0
| 357|0x000000009a300000, 0x000000009a300000, 0x000000009a400000|  0%| F|  |TAMS 0x000000009a300000| PB 0x000000009a300000| Untracked |  0
| 358|0x000000009a400000, 0x000000009a400000, 0x000000009a500000|  0%| F|  |TAMS 0x000000009a400000| PB 0x000000009a400000| Untracked |  0
| 359|0x000000009a500000, 0x000000009a500000, 0x000000009a600000|  0%| F|  |TAMS 0x000000009a500000| PB 0x000000009a500000| Untracked |  0
| 360|0x000000009a600000, 0x000000009a600000, 0x000000009a700000|  0%| F|  |TAMS 0x000000009a600000| PB 0x000000009a600000| Untracked |  0
| 361|0x000000009a700000, 0x000000009a700000, 0x000000009a800000|  0%| F|  |TAMS 0x000000009a700000| PB 0x000000009a700000| Untracked |  0
| 362|0x000000009a800000, 0x000000009a800000, 0x000000009a900000|  0%| F|  |TAMS 0x000000009a800000| PB 0x000000009a800000| Untracked |  0
| 363|0x000000009a900000, 0x000000009a900000, 0x000000009aa00000|  0%| F|  |TAMS 0x000000009a900000| PB 0x000000009a900000| Untracked |  0
| 364|0x000000009aa00000, 0x000000009aa00000, 0x000000009ab00000|  0%| F|  |TAMS 0x000000009aa00000| PB 0x000000009aa00000| Untracked |  0
| 365|0x000000009ab00000, 0x000000009ab00000, 0x000000009ac00000|  0%| F|  |TAMS 0x000000009ab00000| PB 0x000000009ab00000| Untracked |  0
| 366|0x000000009ac00000, 0x000000009ac00000, 0x000000009ad00000|  0%| F|  |TAMS 0x000000009ac00000| PB 0x000000009ac00000| Untracked |  0
| 367|0x000000009ad00000, 0x000000009ad00000, 0x000000009ae00000|  0%| F|  |TAMS 0x000000009ad00000| PB 0x000000009ad00000| Untracked |  0
| 368|0x000000009ae00000, 0x000000009ae00000, 0x000000009af00000|  0%| F|  |TAMS 0x000000009ae00000| PB 0x000000009ae00000| Untracked |  0
| 369|0x000000009af00000, 0x000000009af00000, 0x000000009b000000|  0%| F|  |TAMS 0x000000009af00000| PB 0x000000009af00000| Untracked |  0
| 370|0x000000009b000000, 0x000000009b000000, 0x000000009b100000|  0%| F|  |TAMS 0x000000009b000000| PB 0x000000009b000000| Untracked |  0
| 371|0x000000009b100000, 0x000000009b100000, 0x000000009b200000|  0%| F|  |TAMS 0x000000009b100000| PB 0x000000009b100000| Untracked |  0
| 372|0x000000009b200000, 0x000000009b200000, 0x000000009b300000|  0%| F|  |TAMS 0x000000009b200000| PB 0x000000009b200000| Untracked |  0
| 373|0x000000009b300000, 0x000000009b300000, 0x000000009b400000|  0%| F|  |TAMS 0x000000009b300000| PB 0x000000009b300000| Untracked |  0
| 374|0x000000009b400000, 0x000000009b400000, 0x000000009b500000|  0%| F|  |TAMS 0x000000009b400000| PB 0x000000009b400000| Untracked |  0
| 375|0x000000009b500000, 0x000000009b500000, 0x000000009b600000|  0%| F|  |TAMS 0x000000009b500000| PB 0x000000009b500000| Untracked |  0
| 376|0x000000009b600000, 0x000000009b600000, 0x000000009b700000|  0%| F|  |TAMS 0x000000009b600000| PB 0x000000009b600000| Untracked |  0
| 377|0x000000009b700000, 0x000000009b700000, 0x000000009b800000|  0%| F|  |TAMS 0x000000009b700000| PB 0x000000009b700000| Untracked |  0
| 378|0x000000009b800000, 0x000000009b800000, 0x000000009b900000|  0%| F|  |TAMS 0x000000009b800000| PB 0x000000009b800000| Untracked |  0
| 379|0x000000009b900000, 0x000000009b900000, 0x000000009ba00000|  0%| F|  |TAMS 0x000000009b900000| PB 0x000000009b900000| Untracked |  0
| 380|0x000000009ba00000, 0x000000009ba00000, 0x000000009bb00000|  0%| F|  |TAMS 0x000000009ba00000| PB 0x000000009ba00000| Untracked |  0
| 381|0x000000009bb00000, 0x000000009bb00000, 0x000000009bc00000|  0%| F|  |TAMS 0x000000009bb00000| PB 0x000000009bb00000| Untracked |  0
| 382|0x000000009bc00000, 0x000000009bc00000, 0x000000009bd00000|  0%| F|  |TAMS 0x000000009bc00000| PB 0x000000009bc00000| Untracked |  0
| 383|0x000000009bd00000, 0x000000009bd00000, 0x000000009be00000|  0%| F|  |TAMS 0x000000009bd00000| PB 0x000000009bd00000| Untracked |  0
| 384|0x000000009be00000, 0x000000009be00000, 0x000000009bf00000|  0%| F|  |TAMS 0x000000009be00000| PB 0x000000009be00000| Untracked |  0
| 385|0x000000009bf00000, 0x000000009bf00000, 0x000000009c000000|  0%| F|  |TAMS 0x000000009bf00000| PB 0x000000009bf00000| Untracked |  0
| 386|0x000000009c000000, 0x000000009c000000, 0x000000009c100000|  0%| F|  |TAMS 0x000000009c000000| PB 0x000000009c000000| Untracked |  0
| 387|0x000000009c100000, 0x000000009c100000, 0x000000009c200000|  0%| F|  |TAMS 0x000000009c100000| PB 0x000000009c100000| Untracked |  0
| 388|0x000000009c200000, 0x000000009c200000, 0x000000009c300000|  0%| F|  |TAMS 0x000000009c200000| PB 0x000000009c200000| Untracked |  0
| 389|0x000000009c300000, 0x000000009c300000, 0x000000009c400000|  0%| F|  |TAMS 0x000000009c300000| PB 0x000000009c300000| Untracked |  0
| 390|0x000000009c400000, 0x000000009c400000, 0x000000009c500000|  0%| F|  |TAMS 0x000000009c400000| PB 0x000000009c400000| Untracked |  0
| 391|0x000000009c500000, 0x000000009c500000, 0x000000009c600000|  0%| F|  |TAMS 0x000000009c500000| PB 0x000000009c500000| Untracked |  0
| 392|0x000000009c600000, 0x000000009c600000, 0x000000009c700000|  0%| F|  |TAMS 0x000000009c600000| PB 0x000000009c600000| Untracked |  0
| 393|0x000000009c700000, 0x000000009c700000, 0x000000009c800000|  0%| F|  |TAMS 0x000000009c700000| PB 0x000000009c700000| Untracked |  0
| 394|0x000000009c800000, 0x000000009c800000, 0x000000009c900000|  0%| F|  |TAMS 0x000000009c800000| PB 0x000000009c800000| Untracked |  0
| 395|0x000000009c900000, 0x000000009c900000, 0x000000009ca00000|  0%| F|  |TAMS 0x000000009c900000| PB 0x000000009c900000| Untracked |  0
| 396|0x000000009ca00000, 0x000000009ca00000, 0x000000009cb00000|  0%| F|  |TAMS 0x000000009ca00000| PB 0x000000009ca00000| Untracked |  0
| 397|0x000000009cb00000, 0x000000009cb00000, 0x000000009cc00000|  0%| F|  |TAMS 0x000000009cb00000| PB 0x000000009cb00000| Untracked |  0
| 398|0x000000009cc00000, 0x000000009cc00000, 0x000000009cd00000|  0%| F|  |TAMS 0x000000009cc00000| PB 0x000000009cc00000| Untracked |  0
| 399|0x000000009cd00000, 0x000000009cd00000, 0x000000009ce00000|  0%| F|  |TAMS 0x000000009cd00000| PB 0x000000009cd00000| Untracked |  0
| 400|0x000000009ce00000, 0x000000009ce00000, 0x000000009cf00000|  0%| F|  |TAMS 0x000000009ce00000| PB 0x000000009ce00000| Untracked |  0
| 401|0x000000009cf00000, 0x000000009cf00000, 0x000000009d000000|  0%| F|  |TAMS 0x000000009cf00000| PB 0x000000009cf00000| Untracked |  0
| 402|0x000000009d000000, 0x000000009d000000, 0x000000009d100000|  0%| F|  |TAMS 0x000000009d000000| PB 0x000000009d000000| Untracked |  0
| 403|0x000000009d100000, 0x000000009d100000, 0x000000009d200000|  0%| F|  |TAMS 0x000000009d100000| PB 0x000000009d100000| Untracked |  0
| 404|0x000000009d200000, 0x000000009d200000, 0x000000009d300000|  0%| F|  |TAMS 0x000000009d200000| PB 0x000000009d200000| Untracked |  0
| 405|0x000000009d300000, 0x000000009d300000, 0x000000009d400000|  0%| F|  |TAMS 0x000000009d300000| PB 0x000000009d300000| Untracked |  0
| 406|0x000000009d400000, 0x000000009d400000, 0x000000009d500000|  0%| F|  |TAMS 0x000000009d400000| PB 0x000000009d400000| Untracked |  0
| 407|0x000000009d500000, 0x000000009d500000, 0x000000009d600000|  0%| F|  |TAMS 0x000000009d500000| PB 0x000000009d500000| Untracked |  0
| 408|0x000000009d600000, 0x000000009d600000, 0x000000009d700000|  0%| F|  |TAMS 0x000000009d600000| PB 0x000000009d600000| Untracked |  0
| 409|0x000000009d700000, 0x000000009d700000, 0x000000009d800000|  0%| F|  |TAMS 0x000000009d700000| PB 0x000000009d700000| Untracked |  0
| 410|0x000000009d800000, 0x000000009d800000, 0x000000009d900000|  0%| F|  |TAMS 0x000000009d800000| PB 0x000000009d800000| Untracked |  0
| 411|0x000000009d900000, 0x000000009d900000, 0x000000009da00000|  0%| F|  |TAMS 0x000000009d900000| PB 0x000000009d900000| Untracked |  0
| 412|0x000000009da00000, 0x000000009da00000, 0x000000009db00000|  0%| F|  |TAMS 0x000000009da00000| PB 0x000000009da00000| Untracked |  0
| 413|0x000000009db00000, 0x000000009db00000, 0x000000009dc00000|  0%| F|  |TAMS 0x000000009db00000| PB 0x000000009db00000| Untracked |  0
| 414|0x000000009dc00000, 0x000000009dc00000, 0x000000009dd00000|  0%| F|  |TAMS 0x000000009dc00000| PB 0x000000009dc00000| Untracked |  0
| 415|0x000000009dd00000, 0x000000009dd00000, 0x000000009de00000|  0%| F|  |TAMS 0x000000009dd00000| PB 0x000000009dd00000| Untracked |  0
| 416|0x000000009de00000, 0x000000009de00000, 0x000000009df00000|  0%| F|  |TAMS 0x000000009de00000| PB 0x000000009de00000| Untracked |  0
| 417|0x000000009df00000, 0x000000009df00000, 0x000000009e000000|  0%| F|  |TAMS 0x000000009df00000| PB 0x000000009df00000| Untracked |  0
| 418|0x000000009e000000, 0x000000009e000000, 0x000000009e100000|  0%| F|  |TAMS 0x000000009e000000| PB 0x000000009e000000| Untracked |  0
| 419|0x000000009e100000, 0x000000009e100000, 0x000000009e200000|  0%| F|  |TAMS 0x000000009e100000| PB 0x000000009e100000| Untracked |  0
| 420|0x000000009e200000, 0x000000009e200000, 0x000000009e300000|  0%| F|  |TAMS 0x000000009e200000| PB 0x000000009e200000| Untracked |  0
| 421|0x000000009e300000, 0x000000009e300000, 0x000000009e400000|  0%| F|  |TAMS 0x000000009e300000| PB 0x000000009e300000| Untracked |  0
| 422|0x000000009e400000, 0x000000009e400000, 0x000000009e500000|  0%| F|  |TAMS 0x000000009e400000| PB 0x000000009e400000| Untracked |  0
| 423|0x000000009e500000, 0x000000009e500000, 0x000000009e600000|  0%| F|  |TAMS 0x000000009e500000| PB 0x000000009e500000| Untracked |  0
| 424|0x000000009e600000, 0x000000009e600000, 0x000000009e700000|  0%| F|  |TAMS 0x000000009e600000| PB 0x000000009e600000| Untracked |  0
| 425|0x000000009e700000, 0x000000009e700000, 0x000000009e800000|  0%| F|  |TAMS 0x000000009e700000| PB 0x000000009e700000| Untracked |  0
| 426|0x000000009e800000, 0x000000009e800000, 0x000000009e900000|  0%| F|  |TAMS 0x000000009e800000| PB 0x000000009e800000| Untracked |  0
| 427|0x000000009e900000, 0x000000009e900000, 0x000000009ea00000|  0%| F|  |TAMS 0x000000009e900000| PB 0x000000009e900000| Untracked |  0
| 428|0x000000009ea00000, 0x000000009ea00000, 0x000000009eb00000|  0%| F|  |TAMS 0x000000009ea00000| PB 0x000000009ea00000| Untracked |  0
| 429|0x000000009eb00000, 0x000000009eb00000, 0x000000009ec00000|  0%| F|  |TAMS 0x000000009eb00000| PB 0x000000009eb00000| Untracked |  0
| 430|0x000000009ec00000, 0x000000009ec00000, 0x000000009ed00000|  0%| F|  |TAMS 0x000000009ec00000| PB 0x000000009ec00000| Untracked |  0
| 431|0x000000009ed00000, 0x000000009ed00000, 0x000000009ee00000|  0%| F|  |TAMS 0x000000009ed00000| PB 0x000000009ed00000| Untracked |  0
| 432|0x000000009ee00000, 0x000000009ef00000, 0x000000009ef00000|100%| S|CS|TAMS 0x000000009ee00000| PB 0x000000009ee00000| Complete |  0
| 433|0x000000009ef00000, 0x000000009f000000, 0x000000009f000000|100%| S|CS|TAMS 0x000000009ef00000| PB 0x000000009ef00000| Complete |  0
| 434|0x000000009f000000, 0x000000009f100000, 0x000000009f100000|100%| S|CS|TAMS 0x000000009f000000| PB 0x000000009f000000| Complete |  0
| 435|0x000000009f100000, 0x000000009f200000, 0x000000009f200000|100%| S|CS|TAMS 0x000000009f100000| PB 0x000000009f100000| Complete |  0
| 436|0x000000009f200000, 0x000000009f300000, 0x000000009f300000|100%| S|CS|TAMS 0x000000009f200000| PB 0x000000009f200000| Complete |  0
| 437|0x000000009f300000, 0x000000009f400000, 0x000000009f400000|100%| S|CS|TAMS 0x000000009f300000| PB 0x000000009f300000| Complete |  0
| 438|0x000000009f400000, 0x000000009f500000, 0x000000009f500000|100%| S|CS|TAMS 0x000000009f400000| PB 0x000000009f400000| Complete |  0
| 439|0x000000009f500000, 0x000000009f600000, 0x000000009f600000|100%| S|CS|TAMS 0x000000009f500000| PB 0x000000009f500000| Complete |  0
| 440|0x000000009f600000, 0x000000009f700000, 0x000000009f700000|100%| S|CS|TAMS 0x000000009f600000| PB 0x000000009f600000| Complete |  0
| 441|0x000000009f700000, 0x000000009f800000, 0x000000009f800000|100%| S|CS|TAMS 0x000000009f700000| PB 0x000000009f700000| Complete |  0
| 442|0x000000009f800000, 0x000000009f800000, 0x000000009f900000|  0%| F|  |TAMS 0x000000009f800000| PB 0x000000009f800000| Untracked |  0
| 443|0x000000009f900000, 0x000000009f900000, 0x000000009fa00000|  0%| F|  |TAMS 0x000000009f900000| PB 0x000000009f900000| Untracked |  0
| 444|0x000000009fa00000, 0x000000009fa00000, 0x000000009fb00000|  0%| F|  |TAMS 0x000000009fa00000| PB 0x000000009fa00000| Untracked |  0
| 445|0x000000009fb00000, 0x000000009fb00000, 0x000000009fc00000|  0%| F|  |TAMS 0x000000009fb00000| PB 0x000000009fb00000| Untracked |  0
| 446|0x000000009fc00000, 0x000000009fc00000, 0x000000009fd00000|  0%| F|  |TAMS 0x000000009fc00000| PB 0x000000009fc00000| Untracked |  0
| 447|0x000000009fd00000, 0x000000009fd00000, 0x000000009fe00000|  0%| F|  |TAMS 0x000000009fd00000| PB 0x000000009fd00000| Untracked |  0
| 448|0x000000009fe00000, 0x000000009fe00000, 0x000000009ff00000|  0%| F|  |TAMS 0x000000009fe00000| PB 0x000000009fe00000| Untracked |  0
| 449|0x000000009ff00000, 0x000000009ff00000, 0x00000000a0000000|  0%| F|  |TAMS 0x000000009ff00000| PB 0x000000009ff00000| Untracked |  0
| 450|0x00000000a0000000, 0x00000000a0000000, 0x00000000a0100000|  0%| F|  |TAMS 0x00000000a0000000| PB 0x00000000a0000000| Untracked |  0
| 451|0x00000000a0100000, 0x00000000a0100000, 0x00000000a0200000|  0%| F|  |TAMS 0x00000000a0100000| PB 0x00000000a0100000| Untracked |  0
| 452|0x00000000a0200000, 0x00000000a0200000, 0x00000000a0300000|  0%| F|  |TAMS 0x00000000a0200000| PB 0x00000000a0200000| Untracked |  0
| 453|0x00000000a0300000, 0x00000000a0300000, 0x00000000a0400000|  0%| F|  |TAMS 0x00000000a0300000| PB 0x00000000a0300000| Untracked |  0
| 454|0x00000000a0400000, 0x00000000a0400000, 0x00000000a0500000|  0%| F|  |TAMS 0x00000000a0400000| PB 0x00000000a0400000| Untracked |  0
| 455|0x00000000a0500000, 0x00000000a0500000, 0x00000000a0600000|  0%| F|  |TAMS 0x00000000a0500000| PB 0x00000000a0500000| Untracked |  0
| 456|0x00000000a0600000, 0x00000000a0600000, 0x00000000a0700000|  0%| F|  |TAMS 0x00000000a0600000| PB 0x00000000a0600000| Untracked |  0
| 457|0x00000000a0700000, 0x00000000a0700000, 0x00000000a0800000|  0%| F|  |TAMS 0x00000000a0700000| PB 0x00000000a0700000| Untracked |  0
| 458|0x00000000a0800000, 0x00000000a0800000, 0x00000000a0900000|  0%| F|  |TAMS 0x00000000a0800000| PB 0x00000000a0800000| Untracked |  0
| 459|0x00000000a0900000, 0x00000000a0900000, 0x00000000a0a00000|  0%| F|  |TAMS 0x00000000a0900000| PB 0x00000000a0900000| Untracked |  0
| 460|0x00000000a0a00000, 0x00000000a0a00000, 0x00000000a0b00000|  0%| F|  |TAMS 0x00000000a0a00000| PB 0x00000000a0a00000| Untracked |  0
| 461|0x00000000a0b00000, 0x00000000a0b00000, 0x00000000a0c00000|  0%| F|  |TAMS 0x00000000a0b00000| PB 0x00000000a0b00000| Untracked |  0
| 462|0x00000000a0c00000, 0x00000000a0c00000, 0x00000000a0d00000|  0%| F|  |TAMS 0x00000000a0c00000| PB 0x00000000a0c00000| Untracked |  0
| 463|0x00000000a0d00000, 0x00000000a0d00000, 0x00000000a0e00000|  0%| F|  |TAMS 0x00000000a0d00000| PB 0x00000000a0d00000| Untracked |  0
| 464|0x00000000a0e00000, 0x00000000a0e00000, 0x00000000a0f00000|  0%| F|  |TAMS 0x00000000a0e00000| PB 0x00000000a0e00000| Untracked |  0
| 465|0x00000000a0f00000, 0x00000000a0f00000, 0x00000000a1000000|  0%| F|  |TAMS 0x00000000a0f00000| PB 0x00000000a0f00000| Untracked |  0
| 466|0x00000000a1000000, 0x00000000a1000000, 0x00000000a1100000|  0%| F|  |TAMS 0x00000000a1000000| PB 0x00000000a1000000| Untracked |  0
| 467|0x00000000a1100000, 0x00000000a1100000, 0x00000000a1200000|  0%| F|  |TAMS 0x00000000a1100000| PB 0x00000000a1100000| Untracked |  0
| 468|0x00000000a1200000, 0x00000000a1200000, 0x00000000a1300000|  0%| F|  |TAMS 0x00000000a1200000| PB 0x00000000a1200000| Untracked |  0
| 469|0x00000000a1300000, 0x00000000a1300000, 0x00000000a1400000|  0%| F|  |TAMS 0x00000000a1300000| PB 0x00000000a1300000| Untracked |  0
| 470|0x00000000a1400000, 0x00000000a1400000, 0x00000000a1500000|  0%| F|  |TAMS 0x00000000a1400000| PB 0x00000000a1400000| Untracked |  0
| 471|0x00000000a1500000, 0x00000000a1500000, 0x00000000a1600000|  0%| F|  |TAMS 0x00000000a1500000| PB 0x00000000a1500000| Untracked |  0
| 472|0x00000000a1600000, 0x00000000a1600000, 0x00000000a1700000|  0%| F|  |TAMS 0x00000000a1600000| PB 0x00000000a1600000| Untracked |  0
| 473|0x00000000a1700000, 0x00000000a1700000, 0x00000000a1800000|  0%| F|  |TAMS 0x00000000a1700000| PB 0x00000000a1700000| Untracked |  0
| 474|0x00000000a1800000, 0x00000000a1800000, 0x00000000a1900000|  0%| F|  |TAMS 0x00000000a1800000| PB 0x00000000a1800000| Untracked |  0
| 475|0x00000000a1900000, 0x00000000a1900000, 0x00000000a1a00000|  0%| F|  |TAMS 0x00000000a1900000| PB 0x00000000a1900000| Untracked |  0
| 476|0x00000000a1a00000, 0x00000000a1a00000, 0x00000000a1b00000|  0%| F|  |TAMS 0x00000000a1a00000| PB 0x00000000a1a00000| Untracked |  0
| 477|0x00000000a1b00000, 0x00000000a1b00000, 0x00000000a1c00000|  0%| F|  |TAMS 0x00000000a1b00000| PB 0x00000000a1b00000| Untracked |  0
| 478|0x00000000a1c00000, 0x00000000a1c00000, 0x00000000a1d00000|  0%| F|  |TAMS 0x00000000a1c00000| PB 0x00000000a1c00000| Untracked |  0
| 479|0x00000000a1d00000, 0x00000000a1d00000, 0x00000000a1e00000|  0%| F|  |TAMS 0x00000000a1d00000| PB 0x00000000a1d00000| Untracked |  0
| 480|0x00000000a1e00000, 0x00000000a1e00000, 0x00000000a1f00000|  0%| F|  |TAMS 0x00000000a1e00000| PB 0x00000000a1e00000| Untracked |  0
| 481|0x00000000a1f00000, 0x00000000a1f00000, 0x00000000a2000000|  0%| F|  |TAMS 0x00000000a1f00000| PB 0x00000000a1f00000| Untracked |  0
| 482|0x00000000a2000000, 0x00000000a2000000, 0x00000000a2100000|  0%| F|  |TAMS 0x00000000a2000000| PB 0x00000000a2000000| Untracked |  0
| 483|0x00000000a2100000, 0x00000000a2100000, 0x00000000a2200000|  0%| F|  |TAMS 0x00000000a2100000| PB 0x00000000a2100000| Untracked |  0
| 484|0x00000000a2200000, 0x00000000a2200000, 0x00000000a2300000|  0%| F|  |TAMS 0x00000000a2200000| PB 0x00000000a2200000| Untracked |  0
|1947|0x00000000fd900000, 0x00000000fd900000, 0x00000000fda00000|  0%| F|  |TAMS 0x00000000fd900000| PB 0x00000000fd900000| Untracked |  0
|1948|0x00000000fda00000, 0x00000000fda00000, 0x00000000fdb00000|  0%| F|  |TAMS 0x00000000fda00000| PB 0x00000000fda00000| Untracked |  0
|1949|0x00000000fdb00000, 0x00000000fdb00000, 0x00000000fdc00000|  0%| F|  |TAMS 0x00000000fdb00000| PB 0x00000000fdb00000| Untracked |  0
|1950|0x00000000fdc00000, 0x00000000fdc00000, 0x00000000fdd00000|  0%| F|  |TAMS 0x00000000fdc00000| PB 0x00000000fdc00000| Untracked |  0
|1951|0x00000000fdd00000, 0x00000000fdd00000, 0x00000000fde00000|  0%| F|  |TAMS 0x00000000fdd00000| PB 0x00000000fdd00000| Untracked |  0
|1952|0x00000000fde00000, 0x00000000fde00000, 0x00000000fdf00000|  0%| F|  |TAMS 0x00000000fde00000| PB 0x00000000fde00000| Untracked |  0
|1953|0x00000000fdf00000, 0x00000000fdf00000, 0x00000000fe000000|  0%| F|  |TAMS 0x00000000fdf00000| PB 0x00000000fdf00000| Untracked |  0
|1954|0x00000000fe000000, 0x00000000fe000000, 0x00000000fe100000|  0%| F|  |TAMS 0x00000000fe000000| PB 0x00000000fe000000| Untracked |  0
|1955|0x00000000fe100000, 0x00000000fe100000, 0x00000000fe200000|  0%| F|  |TAMS 0x00000000fe100000| PB 0x00000000fe100000| Untracked |  0
|1956|0x00000000fe200000, 0x00000000fe200000, 0x00000000fe300000|  0%| F|  |TAMS 0x00000000fe200000| PB 0x00000000fe200000| Untracked |  0
|1957|0x00000000fe300000, 0x00000000fe300000, 0x00000000fe400000|  0%| F|  |TAMS 0x00000000fe300000| PB 0x00000000fe300000| Untracked |  0
|1958|0x00000000fe400000, 0x00000000fe400000, 0x00000000fe500000|  0%| F|  |TAMS 0x00000000fe400000| PB 0x00000000fe400000| Untracked |  0
|1959|0x00000000fe500000, 0x00000000fe500000, 0x00000000fe600000|  0%| F|  |TAMS 0x00000000fe500000| PB 0x00000000fe500000| Untracked |  0
|1960|0x00000000fe600000, 0x00000000fe600000, 0x00000000fe700000|  0%| F|  |TAMS 0x00000000fe600000| PB 0x00000000fe600000| Untracked |  0
|1961|0x00000000fe700000, 0x00000000fe700000, 0x00000000fe800000|  0%| F|  |TAMS 0x00000000fe700000| PB 0x00000000fe700000| Untracked |  0
|1962|0x00000000fe800000, 0x00000000fe800000, 0x00000000fe900000|  0%| F|  |TAMS 0x00000000fe800000| PB 0x00000000fe800000| Untracked |  0
|1963|0x00000000fe900000, 0x00000000fe900000, 0x00000000fea00000|  0%| F|  |TAMS 0x00000000fe900000| PB 0x00000000fe900000| Untracked |  0
|1964|0x00000000fea00000, 0x00000000fea00000, 0x00000000feb00000|  0%| F|  |TAMS 0x00000000fea00000| PB 0x00000000fea00000| Untracked |  0
|1965|0x00000000feb00000, 0x00000000feb00000, 0x00000000fec00000|  0%| F|  |TAMS 0x00000000feb00000| PB 0x00000000feb00000| Untracked |  0
|1966|0x00000000fec00000, 0x00000000fec00000, 0x00000000fed00000|  0%| F|  |TAMS 0x00000000fec00000| PB 0x00000000fec00000| Untracked |  0
|1967|0x00000000fed00000, 0x00000000fed00000, 0x00000000fee00000|  0%| F|  |TAMS 0x00000000fed00000| PB 0x00000000fed00000| Untracked |  0
|1968|0x00000000fee00000, 0x00000000fee00000, 0x00000000fef00000|  0%| F|  |TAMS 0x00000000fee00000| PB 0x00000000fee00000| Untracked |  0
|1969|0x00000000fef00000, 0x00000000fef00000, 0x00000000ff000000|  0%| F|  |TAMS 0x00000000fef00000| PB 0x00000000fef00000| Untracked |  0
|1970|0x00000000ff000000, 0x00000000ff000000, 0x00000000ff100000|  0%| F|  |TAMS 0x00000000ff000000| PB 0x00000000ff000000| Untracked |  0
|1971|0x00000000ff100000, 0x00000000ff100000, 0x00000000ff200000|  0%| F|  |TAMS 0x00000000ff100000| PB 0x00000000ff100000| Untracked |  0
|1972|0x00000000ff200000, 0x00000000ff200000, 0x00000000ff300000|  0%| F|  |TAMS 0x00000000ff200000| PB 0x00000000ff200000| Untracked |  0
|1973|0x00000000ff300000, 0x00000000ff400000, 0x00000000ff400000|100%| O|  |TAMS 0x00000000ff300000| PB 0x00000000ff300000| Untracked |  0
|1974|0x00000000ff400000, 0x00000000ff400000, 0x00000000ff500000|  0%| F|  |TAMS 0x00000000ff400000| PB 0x00000000ff400000| Untracked |  0
|1975|0x00000000ff500000, 0x00000000ff500000, 0x00000000ff600000|  0%| F|  |TAMS 0x00000000ff500000| PB 0x00000000ff500000| Untracked |  0
|1976|0x00000000ff600000, 0x00000000ff600000, 0x00000000ff700000|  0%| F|  |TAMS 0x00000000ff600000| PB 0x00000000ff600000| Untracked |  0
|1977|0x00000000ff700000, 0x00000000ff700000, 0x00000000ff800000|  0%| F|  |TAMS 0x00000000ff700000| PB 0x00000000ff700000| Untracked |  0
|1978|0x00000000ff800000, 0x00000000ff800000, 0x00000000ff900000|  0%| F|  |TAMS 0x00000000ff800000| PB 0x00000000ff800000| Untracked |  0
|1979|0x00000000ff900000, 0x00000000ff900000, 0x00000000ffa00000|  0%| F|  |TAMS 0x00000000ff900000| PB 0x00000000ff900000| Untracked |  0
|1980|0x00000000ffa00000, 0x00000000ffb00000, 0x00000000ffb00000|100%| O|  |TAMS 0x00000000ffa00000| PB 0x00000000ffa00000| Untracked |  0
|1981|0x00000000ffb00000, 0x00000000ffb00000, 0x00000000ffc00000|  0%| F|  |TAMS 0x00000000ffb00000| PB 0x00000000ffb00000| Untracked |  0
|1982|0x00000000ffc00000, 0x00000000ffc00000, 0x00000000ffd00000|  0%| F|  |TAMS 0x00000000ffc00000| PB 0x00000000ffc00000| Untracked |  0
|1983|0x00000000ffd00000, 0x00000000ffd00000, 0x00000000ffe00000|  0%| F|  |TAMS 0x00000000ffd00000| PB 0x00000000ffd00000| Untracked |  0
|1984|0x00000000ffe00000, 0x00000000fff00000, 0x00000000fff00000|100%| O|  |TAMS 0x00000000ffe00000| PB 0x00000000ffe00000| Untracked |  0
|1985|0x00000000fff00000, 0x00000000fff00000, 0x0000000100000000|  0%| F|  |TAMS 0x00000000fff00000| PB 0x00000000fff00000| Untracked |  0

Card table byte_map: [0x0000027af3a30000,0x0000027af3e20000] _byte_map_base: 0x0000027af3611000

Marking Bits: (CMBitMap*) 0x0000027ae5c23ad0
 Bits: [0x0000027af3e20000, 0x0000027af5d28000)

Polling page: 0x0000027ae5c80000

Metaspace:

Usage:
  Non-class:     83.85 MB used.
      Class:     11.56 MB used.
       Both:     95.41 MB used.

Virtual space:
  Non-class space:      128.00 MB reserved,      84.38 MB ( 66%) committed,  2 nodes.
      Class space:        1.00 GB reserved,      11.94 MB (  1%) committed,  1 nodes.
             Both:        1.12 GB reserved,      96.31 MB (  8%) committed. 

Chunk freelists:
   Non-Class:  11.54 MB
       Class:  4.07 MB
        Both:  15.61 MB

MaxMetaspaceSize: unlimited
CompressedClassSpaceSize: 1.00 GB
Initial GC threshold: 21.00 MB
Current GC threshold: 160.31 MB
CDS: on
 - commit_granule_bytes: 65536.
 - commit_granule_words: 8192.
 - virtual_space_node_default_size: 8388608.
 - enlarge_chunks_in_place: 1.
UseCompressedClassPointers 1, UseCompactObjectHeaders 0
Narrow klass pointer bits 32, Max shift 3
Narrow klass base: 0x0000027a80000000, Narrow klass shift: 0
Encoding Range: [0x0000027a80000000 - 0x0000027b80000000), (4294967296 bytes)
Klass Range:    [0x0000027a80000000 - 0x0000027ac1000000), (1090519040 bytes)
Klass ID Range:  [8 - 1090519033) (1090519025)


Internal statistics:

num_allocs_failed_limit: 9.
num_arena_births: 1854.
num_arena_deaths: 504.
num_vsnodes_births: 3.
num_vsnodes_deaths: 0.
num_space_committed: 1541.
num_space_uncommitted: 0.
num_chunks_returned_to_freelist: 553.
num_chunks_taken_from_freelist: 5910.
num_chunk_merges: 104.
num_chunk_splits: 3900.
num_chunks_enlarged: 2945.
num_inconsistent_stats: 0.

CodeCache: size=49152Kb used=12272Kb max_used=17632Kb free=36880Kb
 bounds [0x0000027aefd60000, 0x0000027af0fc0000, 0x0000027af2d60000]
 total_blobs=7242, nmethods=6398, adapters=767, full_count=0
Compilation: enabled, stopped_count=0, restarted_count=0

Compilation events (20 events):
Event: 72981.317 Thread 0x0000027acd28fab0 30915       1       java.net.URL::getHost (5 bytes)
Event: 72981.317 Thread 0x0000027acd28fab0 nmethod 30915 0x0000027af0664208 code [0x0000027af0664300, 0x0000027af06643c8]
Event: 72981.321 Thread 0x0000027acd28fab0 30916       1       java.io.FileSystem::hasBooleanAttributes (17 bytes)
Event: 72981.321 Thread 0x0000027af882cc80 30917       1       java.io.WinNTFileSystem::getBooleanAttributes (6 bytes)
Event: 72981.321 Thread 0x0000027af882cc80 nmethod 30917 0x0000027af066c308 code [0x0000027af066c420, 0x0000027af066c500]
Event: 72981.321 Thread 0x0000027acd28fab0 nmethod 30916 0x0000027af0675588 code [0x0000027af06756a0, 0x0000027af0675798]
Event: 72981.323 Thread 0x0000027acd28fab0 30918       1       org.apache.xmlbeans.impl.store.Cur::<init> (51 bytes)
Event: 72981.323 Thread 0x0000027af882cc80 30919       1       org.apache.xmlbeans.impl.store.Locale::toFirstChildElement (118 bytes)
Event: 72981.323 Thread 0x0000027acd28e400 30920       1       org.apache.xmlbeans.impl.store.Cur::toFirstChild (63 bytes)
Event: 72981.323 Thread 0x0000027acd28fab0 nmethod 30918 0x0000027af067ad88 code [0x0000027af067aea0, 0x0000027af067afe8]
Event: 72981.323 Thread 0x0000027af882cc80 nmethod 30919 0x0000027af096d788 code [0x0000027af096d900, 0x0000027af096dbc0]
Event: 72981.323 Thread 0x0000027acd28e400 nmethod 30920 0x0000027af06b4d88 code [0x0000027af06b4ea0, 0x0000027af06b5050]
Event: 72981.323 Thread 0x0000027acd28e400 30921       1       java.net.URLStreamHandler::setURL (156 bytes)
Event: 72981.323 Thread 0x0000027af882cc80 30922   !   1       java.net.URL::set (114 bytes)
Event: 72981.323 Thread 0x0000027acd28fab0 30923       1       java.io.File::exists (18 bytes)
Event: 72981.324 Thread 0x0000027af882cc80 nmethod 30922 0x0000027aefe8f008 code [0x0000027aefe8f180, 0x0000027aefe8f910]
Event: 72981.324 Thread 0x0000027acd28fab0 nmethod 30923 0x0000027af06b6408 code [0x0000027af06b6540, 0x0000027af06b66a0]
Event: 72981.324 Thread 0x0000027acd28fab0 30924       1       java.net.URL::getRef (5 bytes)
Event: 72981.324 Thread 0x0000027acd28e400 nmethod 30921 0x0000027af06ca788 code [0x0000027af06ca940, 0x0000027af06caf70]
Event: 72981.324 Thread 0x0000027acd28fab0 nmethod 30924 0x0000027af06ba188 code [0x0000027af06ba280, 0x0000027af06ba348]

GC Heap History (20 events):
Event: 72978.678 GC heap after
{Heap after GC invocations=318 (full 4):
 garbage-first heap   total reserved 2033664K, committed 268288K, used 93490K [0x0000000083e00000, 0x0000000100000000)
  region size 1024K, 13 young (13312K), 13 survivors (13312K)
 Metaspace       used 97637K, committed 98560K, reserved 1179648K
  class space    used 11831K, committed 12224K, reserved 1048576K
}
Event: 72979.027 GC heap before
{Heap before GC invocations=318 (full 4):
 garbage-first heap   total reserved 2033664K, committed 268288K, used 190770K [0x0000000083e00000, 0x0000000100000000)
  region size 1024K, 108 young (110592K), 13 survivors (13312K)
 Metaspace       used 97637K, committed 98560K, reserved 1179648K
  class space    used 11831K, committed 12224K, reserved 1048576K
}
Event: 72979.079 GC heap after
{Heap after GC invocations=319 (full 4):
 garbage-first heap   total reserved 2033664K, committed 268288K, used 134622K [0x0000000083e00000, 0x0000000100000000)
  region size 1024K, 14 young (14336K), 14 survivors (14336K)
 Metaspace       used 97637K, committed 98560K, reserved 1179648K
  class space    used 11831K, committed 12224K, reserved 1048576K
}
Event: 72979.401 GC heap before
{Heap before GC invocations=320 (full 4):
 garbage-first heap   total reserved 2033664K, committed 268288K, used 210398K [0x0000000083e00000, 0x0000000100000000)
  region size 1024K, 84 young (86016K), 14 survivors (14336K)
 Metaspace       used 97700K, committed 98624K, reserved 1179648K
  class space    used 11839K, committed 12224K, reserved 1048576K
}
Event: 72979.428 GC heap after
{Heap after GC invocations=321 (full 4):
 garbage-first heap   total reserved 2033664K, committed 268288K, used 161776K [0x0000000083e00000, 0x0000000100000000)
  region size 1024K, 11 young (11264K), 11 survivors (11264K)
 Metaspace       used 97700K, committed 98624K, reserved 1179648K
  class space    used 11839K, committed 12224K, reserved 1048576K
}
Event: 72979.643 GC heap before
{Heap before GC invocations=321 (full 4):
 garbage-first heap   total reserved 2033664K, committed 268288K, used 215024K [0x0000000083e00000, 0x0000000100000000)
  region size 1024K, 63 young (64512K), 11 survivors (11264K)
 Metaspace       used 97700K, committed 98624K, reserved 1179648K
  class space    used 11839K, committed 12224K, reserved 1048576K
}
Event: 72979.667 GC heap after
{Heap after GC invocations=322 (full 4):
 garbage-first heap   total reserved 2033664K, committed 268288K, used 191472K [0x0000000083e00000, 0x0000000100000000)
  region size 1024K, 8 young (8192K), 8 survivors (8192K)
 Metaspace       used 97700K, committed 98624K, reserved 1179648K
  class space    used 11839K, committed 12224K, reserved 1048576K
}
Event: 72979.819 GC heap before
{Heap before GC invocations=322 (full 4):
 garbage-first heap   total reserved 2033664K, committed 268288K, used 226288K [0x0000000083e00000, 0x0000000100000000)
  region size 1024K, 42 young (43008K), 8 survivors (8192K)
 Metaspace       used 97700K, committed 98624K, reserved 1179648K
  class space    used 11839K, committed 12224K, reserved 1048576K
}
Event: 72979.834 GC heap after
{Heap after GC invocations=323 (full 4):
 garbage-first heap   total reserved 2033664K, committed 268288K, used 202224K [0x0000000083e00000, 0x0000000100000000)
  region size 1024K, 6 young (6144K), 6 survivors (6144K)
 Metaspace       used 97700K, committed 98624K, reserved 1179648K
  class space    used 11839K, committed 12224K, reserved 1048576K
}
Event: 72980.084 GC heap before
{Heap before GC invocations=324 (full 4):
 garbage-first heap   total reserved 2033664K, committed 268288K, used 175600K [0x0000000083e00000, 0x0000000100000000)
  region size 1024K, 36 young (36864K), 6 survivors (6144K)
 Metaspace       used 97696K, committed 98624K, reserved 1179648K
  class space    used 11838K, committed 12224K, reserved 1048576K
}
Event: 72980.097 GC heap after
{Heap after GC invocations=325 (full 4):
 garbage-first heap   total reserved 2033664K, committed 268288K, used 154435K [0x0000000083e00000, 0x0000000100000000)
  region size 1024K, 5 young (5120K), 5 survivors (5120K)
 Metaspace       used 97696K, committed 98624K, reserved 1179648K
  class space    used 11838K, committed 12224K, reserved 1048576K
}
Event: 72980.316 GC heap before
{Heap before GC invocations=325 (full 4):
 garbage-first heap   total reserved 2033664K, committed 268288K, used 215875K [0x0000000083e00000, 0x0000000100000000)
  region size 1024K, 55 young (56320K), 5 survivors (5120K)
 Metaspace       used 97696K, committed 98624K, reserved 1179648K
  class space    used 11838K, committed 12224K, reserved 1048576K
}
Event: 72980.339 GC heap after
{Heap after GC invocations=326 (full 4):
 garbage-first heap   total reserved 2033664K, committed 536576K, used 169968K [0x0000000083e00000, 0x0000000100000000)
  region size 1024K, 7 young (7168K), 7 survivors (7168K)
 Metaspace       used 97696K, committed 98624K, reserved 1179648K
  class space    used 11838K, committed 12224K, reserved 1048576K
}
Event: 72980.820 GC heap before
{Heap before GC invocations=326 (full 4):
 garbage-first heap   total reserved 2033664K, committed 536576K, used 285680K [0x0000000083e00000, 0x0000000100000000)
  region size 1024K, 120 young (122880K), 7 survivors (7168K)
 Metaspace       used 97696K, committed 98624K, reserved 1179648K
  class space    used 11838K, committed 12224K, reserved 1048576K
}
Event: 72980.866 GC heap after
{Heap after GC invocations=327 (full 4):
 garbage-first heap   total reserved 2033664K, committed 536576K, used 220014K [0x0000000083e00000, 0x0000000100000000)
  region size 1024K, 15 young (15360K), 15 survivors (15360K)
 Metaspace       used 97696K, committed 98624K, reserved 1179648K
  class space    used 11838K, committed 12224K, reserved 1048576K
}
Event: 72980.963 GC heap before
{Heap before GC invocations=327 (full 4):
 garbage-first heap   total reserved 2033664K, committed 536576K, used 231278K [0x0000000083e00000, 0x0000000100000000)
  region size 1024K, 26 young (26624K), 15 survivors (15360K)
 Metaspace       used 97696K, committed 98624K, reserved 1179648K
  class space    used 11838K, committed 12224K, reserved 1048576K
}
Event: 72980.994 GC heap after
{Heap after GC invocations=328 (full 4):
 garbage-first heap   total reserved 2033664K, committed 536576K, used 222192K [0x0000000083e00000, 0x0000000100000000)
  region size 1024K, 4 young (4096K), 4 survivors (4096K)
 Metaspace       used 97696K, committed 98624K, reserved 1179648K
  class space    used 11838K, committed 12224K, reserved 1048576K
}
Event: 72981.138 GC heap before
{Heap before GC invocations=328 (full 4):
 garbage-first heap   total reserved 2033664K, committed 536576K, used 244720K [0x0000000083e00000, 0x0000000100000000)
  region size 1024K, 26 young (26624K), 4 survivors (4096K)
 Metaspace       used 97696K, committed 98624K, reserved 1179648K
  class space    used 11838K, committed 12224K, reserved 1048576K
}
Event: 72981.159 GC heap after
{Heap after GC invocations=329 (full 4):
 garbage-first heap   total reserved 2033664K, committed 536576K, used 231408K [0x0000000083e00000, 0x0000000100000000)
  region size 1024K, 4 young (4096K), 4 survivors (4096K)
 Metaspace       used 97696K, committed 98624K, reserved 1179648K
  class space    used 11838K, committed 12224K, reserved 1048576K
}
Event: 72981.535 GC heap before
{Heap before GC invocations=329 (full 4):
 garbage-first heap   total reserved 2033664K, committed 536576K, used 317424K [0x0000000083e00000, 0x0000000100000000)
  region size 1024K, 78 young (79872K), 4 survivors (4096K)
 Metaspace       used 97696K, committed 98624K, reserved 1179648K
  class space    used 11838K, committed 12224K, reserved 1048576K
}

Dll operation events (10 events):
Event: 0.008 Loaded shared library C:\Program Files\Java\jdk-24\bin\java.dll
Event: 0.126 Loaded shared library C:\Program Files\Java\jdk-24\bin\net.dll
Event: 0.128 Loaded shared library C:\Program Files\Java\jdk-24\bin\nio.dll
Event: 0.136 Loaded shared library C:\Program Files\Java\jdk-24\bin\zip.dll
Event: 0.271 Loaded shared library C:\Program Files\Java\jdk-24\bin\verify.dll
Event: 0.281 Loaded shared library C:\Program Files\Java\jdk-24\bin\jimage.dll
Event: 0.594 Loaded shared library C:\Program Files\Java\jdk-24\bin\management.dll
Event: 0.599 Loaded shared library C:\Program Files\Java\jdk-24\bin\management_ext.dll
Event: 1.525 Loaded shared library C:\Program Files\Java\jdk-24\bin\sunmscapi.dll
Event: 4.918 Loaded shared library C:\Program Files\Java\jdk-24\bin\extnet.dll

Deoptimization events (20 events):
Event: 2.445 Thread 0x0000027ac5d44c10 DEOPT PACKING pc=0x0000027af01bf62c sp=0x00000088693fc560
Event: 2.445 Thread 0x0000027ac5d44c10 DEOPT UNPACKING pc=0x0000027aefdb6642 sp=0x00000088693fba58 mode 0
Event: 2.676 Thread 0x0000027ac5d44c10 DEOPT PACKING pc=0x0000027af0452dc4 sp=0x00000088693fbb80
Event: 2.676 Thread 0x0000027ac5d44c10 DEOPT UNPACKING pc=0x0000027aefdb6642 sp=0x00000088693fb040 mode 0
Event: 2.881 Thread 0x0000027ac5d44c10 DEOPT PACKING pc=0x0000027af053e30f sp=0x00000088693fd920
Event: 2.881 Thread 0x0000027ac5d44c10 DEOPT UNPACKING pc=0x0000027aefdb6642 sp=0x00000088693fcec8 mode 0
Event: 3.769 Thread 0x0000027ac6c304a0 DEOPT PACKING pc=0x0000027af0282cb1 sp=0x0000008869eff050
Event: 3.769 Thread 0x0000027ac6c304a0 DEOPT UNPACKING pc=0x0000027aefdb6642 sp=0x0000008869efe4a8 mode 3
Event: 3.769 Thread 0x0000027ac6c45700 DEOPT PACKING pc=0x0000027af0291716 sp=0x0000008869ffef30
Event: 3.769 Thread 0x0000027ac6c45700 DEOPT UNPACKING pc=0x0000027aefdb6642 sp=0x0000008869ffe3c8 mode 3
Event: 6.577 Thread 0x0000027ac5d44c10 DEOPT PACKING pc=0x0000027af07592a4 sp=0x00000088693fca40
Event: 6.577 Thread 0x0000027ac5d44c10 DEOPT UNPACKING pc=0x0000027aefdb6642 sp=0x00000088693fbee0 mode 0
Event: 8.702 Thread 0x0000027ac5d44c10 DEOPT PACKING pc=0x0000027af0333a2a sp=0x00000088693fc280
Event: 8.702 Thread 0x0000027ac5d44c10 DEOPT UNPACKING pc=0x0000027aefdb6642 sp=0x00000088693fb788 mode 3
Event: 8.702 Thread 0x0000027ac5d44c10 DEOPT PACKING pc=0x0000027af0325dc2 sp=0x00000088693fc240
Event: 8.702 Thread 0x0000027ac5d44c10 DEOPT UNPACKING pc=0x0000027aefdb6642 sp=0x00000088693fb788 mode 3
Event: 10.513 Thread 0x0000027ac5d44c10 DEOPT PACKING pc=0x0000027af08d0e85 sp=0x00000088693fea50
Event: 10.513 Thread 0x0000027ac5d44c10 DEOPT UNPACKING pc=0x0000027aefdb6642 sp=0x00000088693fdf28 mode 3
Event: 19.129 Thread 0x0000027ac7e18470 DEOPT PACKING pc=0x0000027af0179f6c sp=0x000000886abfc300
Event: 19.129 Thread 0x0000027ac7e18470 DEOPT UNPACKING pc=0x0000027aefdb6642 sp=0x000000886abfb7b0 mode 0

Classes loaded (20 events):
Event: 72073.137 Loading class org/w3c/dom/ProcessingInstruction
Event: 72073.137 Loading class org/w3c/dom/ProcessingInstruction done
Event: 72073.140 Loading class org/w3c/dom/DocumentFragment
Event: 72073.140 Loading class org/w3c/dom/DocumentFragment done
Event: 72073.872 Loading class java/util/TreeMap$AscendingSubMap
Event: 72073.872 Loading class java/util/TreeMap$NavigableSubMap
Event: 72073.873 Loading class java/util/TreeMap$NavigableSubMap done
Event: 72073.873 Loading class java/util/TreeMap$AscendingSubMap done
Event: 72073.873 Loading class java/util/TreeMap$NavigableSubMap$SubMapKeyIterator
Event: 72073.873 Loading class java/util/TreeMap$NavigableSubMap$SubMapIterator
Event: 72073.873 Loading class java/util/TreeMap$NavigableSubMap$SubMapIterator done
Event: 72073.873 Loading class java/util/TreeMap$NavigableSubMap$SubMapKeyIterator done
Event: 72087.753 Loading class java/util/AbstractList$RandomAccessSubList
Event: 72087.753 Loading class java/util/AbstractList$RandomAccessSubList done
Event: 72206.824 Loading class java/util/Base64$Decoder
Event: 72206.825 Loading class java/util/Base64$Decoder done
Event: 72207.525 Loading class java/time/format/DateTimeParseContext
Event: 72207.525 Loading class java/time/format/DateTimeParseContext done
Event: 72207.525 Loading class java/time/format/Parsed
Event: 72207.526 Loading class java/time/format/Parsed done

Classes unloaded (20 events):
Event: 18569.798 Thread 0x0000027af87ff2e0 Unloading class 0x0000027a81a42400 'java/lang/invoke/LambdaForm$MH+0x0000027a81a42400'
Event: 18569.798 Thread 0x0000027af87ff2e0 Unloading class 0x0000027a81039400 'java/lang/invoke/LambdaForm$MH+0x0000027a81039400'
Event: 19834.175 Thread 0x0000027af87ff2e0 Unloading class 0x0000027a81a42400 'java/lang/invoke/LambdaForm$MH+0x0000027a81a42400'
Event: 19834.175 Thread 0x0000027af87ff2e0 Unloading class 0x0000027a81a40c00 'java/lang/invoke/LambdaForm$MH+0x0000027a81a40c00'
Event: 19834.175 Thread 0x0000027af87ff2e0 Unloading class 0x0000027a81a81000 'java/lang/invoke/LambdaForm$MH+0x0000027a81a81000'
Event: 21082.944 Thread 0x0000027af87ff2e0 Unloading class 0x0000027a81039400 'java/lang/invoke/LambdaForm$MH+0x0000027a81039400'
Event: 23886.399 Thread 0x0000027af87ff2e0 Unloading class 0x0000027a81a9f800 'java/lang/invoke/LambdaForm$MH+0x0000027a81a9f800'
Event: 23886.399 Thread 0x0000027af87ff2e0 Unloading class 0x0000027a81a9f400 'java/lang/invoke/LambdaForm$MH+0x0000027a81a9f400'
Event: 23886.399 Thread 0x0000027af87ff2e0 Unloading class 0x0000027a81a9fc00 'java/lang/invoke/LambdaForm$MH+0x0000027a81a9fc00'
Event: 72075.119 Thread 0x0000027af87ff2e0 Unloading class 0x0000027a81ac0000 'java/lang/invoke/LambdaForm$MH+0x0000027a81ac0000'
Event: 72075.119 Thread 0x0000027af87ff2e0 Unloading class 0x0000027a81ab4800 'java/lang/invoke/LambdaForm$MH+0x0000027a81ab4800'
Event: 72075.119 Thread 0x0000027af87ff2e0 Unloading class 0x0000027a81ab4400 'java/lang/invoke/LambdaForm$MH+0x0000027a81ab4400'
Event: 72224.638 Thread 0x0000027af87ff2e0 Unloading class 0x0000027a81ae0400 'java/lang/invoke/LambdaForm$DMH+0x0000027a81ae0400'
Event: 72225.567 Thread 0x0000027af87ff2e0 Unloading class 0x0000027a81bd4000 'java/lang/invoke/LambdaForm$MH+0x0000027a81bd4000'
Event: 72225.567 Thread 0x0000027af87ff2e0 Unloading class 0x0000027a81ba8000 'java/lang/invoke/LambdaForm$DMH+0x0000027a81ba8000'
Event: 72225.567 Thread 0x0000027af87ff2e0 Unloading class 0x0000027a81ba4400 'java/lang/invoke/LambdaForm$DMH+0x0000027a81ba4400'
Event: 72732.366 Thread 0x0000027af87ff2e0 Unloading class 0x0000027a81ac0000 'java/lang/invoke/LambdaForm$DMH+0x0000027a81ac0000'
Event: 72778.062 Thread 0x0000027af87ff2e0 Unloading class 0x0000027a81ac0000 'java/lang/invoke/LambdaForm$MH+0x0000027a81ac0000'
Event: 72979.878 Thread 0x0000027af87ff2e0 Unloading class 0x0000027a81bed400 'java/lang/invoke/LambdaForm$DMH+0x0000027a81bed400'
Event: 72979.878 Thread 0x0000027af87ff2e0 Unloading class 0x0000027a81bed000 'java/lang/invoke/LambdaForm$MH+0x0000027a81bed000'

Classes redefined (0 events):
No events

Internal exceptions (20 events):
Event: 72072.293 Thread 0x0000027ac7e19a60 Exception <a 'java/io/IOException'{0x000000008fc055e8}> (0x000000008fc055e8) 
thrown [s\open\src\hotspot\share\prims\jni.cpp, line 518]
Event: 72072.302 Thread 0x0000027ac7e19a60 Exception <a 'java/lang/NoSuchMethodError'{0x000000008fc1c120}: 'void java.lang.invoke.DirectMethodHandle$Holder.invokeStaticInit(java.lang.Object, java.lang.Object, java.lang.Object, java.lang.Object)'> (0x000000008fc1c120) 
thrown [s\open\src\hotspot\share\interpreter\linkResolver.cpp, line 805]
Event: 72072.536 Thread 0x0000027ac7e19a60 Exception <a 'java/lang/NoSuchMethodError'{0x00000000ffd98068}: 'void java.lang.invoke.DirectMethodHandle$Holder.invokeVirtual(java.lang.Object, java.lang.Object, java.lang.Object, int)'> (0x00000000ffd98068) 
thrown [s\open\src\hotspot\share\interpreter\linkResolver.cpp, line 805]
Event: 72072.549 Thread 0x0000027ac7e19a60 Exception <a 'java/lang/NoSuchMethodError'{0x00000000ffc22bb0}: 'void java.lang.invoke.DirectMethodHandle$Holder.invokeStatic(java.lang.Object, java.lang.Object, java.lang.Object, int)'> (0x00000000ffc22bb0) 
thrown [s\open\src\hotspot\share\interpreter\linkResolver.cpp, line 805]
Event: 72072.549 Thread 0x0000027ac7e19a60 Exception <a 'java/lang/NoSuchMethodError'{0x00000000ffc2af98}: 'void java.lang.invoke.DirectMethodHandle$Holder.invokeStaticInit(java.lang.Object, java.lang.Object, java.lang.Object, int)'> (0x00000000ffc2af98) 
thrown [s\open\src\hotspot\share\interpreter\linkResolver.cpp, line 805]
Event: 72072.610 Thread 0x0000027ac7e19a60 Exception <a 'java/io/IOException'{0x00000000ffbc32c0}> (0x00000000ffbc32c0) 
thrown [s\open\src\hotspot\share\prims\jni.cpp, line 518]
Event: 72072.692 Thread 0x0000027ac7e19a60 Exception <a 'java/lang/NoSuchMethodError'{0x00000000ffaeaea0}: 'java.lang.Object java.lang.invoke.DirectMethodHandle$Holder.invokeStatic(java.lang.Object, java.lang.Object, int, int)'> (0x00000000ffaeaea0) 
thrown [s\open\src\hotspot\share\interpreter\linkResolver.cpp, line 805]
Event: 72072.693 Thread 0x0000027ac7e19a60 Exception <a 'java/lang/NoSuchMethodError'{0x00000000ffaf3288}: 'java.lang.Object java.lang.invoke.DirectMethodHandle$Holder.invokeStaticInit(java.lang.Object, java.lang.Object, int, int)'> (0x00000000ffaf3288) 
thrown [s\open\src\hotspot\share\interpreter\linkResolver.cpp, line 805]
Event: 72073.864 Thread 0x0000027ac7e19a60 Exception <a 'java/lang/NoSuchMethodError'{0x000000008b2c9c00}: 'void java.lang.invoke.DirectMethodHandle$Holder.invokeVirtual(java.lang.Object, java.lang.Object, int, java.lang.Object)'> (0x000000008b2c9c00) 
thrown [s\open\src\hotspot\share\interpreter\linkResolver.cpp, line 805]
Event: 72087.693 Thread 0x0000027ac7e19a60 Exception <a 'java/lang/NoSuchMethodError'{0x000000008acbc1e8}: 'double java.lang.invoke.DirectMethodHandle$Holder.invokeStatic(java.lang.Object, double)'> (0x000000008acbc1e8) 
thrown [s\open\src\hotspot\share\interpreter\linkResolver.cpp, line 805]
Event: 72087.694 Thread 0x0000027ac7e19a60 Exception <a 'java/lang/NoSuchMethodError'{0x000000008accb8a0}: 'java.lang.Object java.lang.invoke.DirectMethodHandle$Holder.invokeStatic(java.lang.Object, java.lang.Object, java.lang.Object, int, int)'> (0x000000008accb8a0) 
thrown [s\open\src\hotspot\share\interpreter\linkResolver.cpp, line 805]
Event: 72087.695 Thread 0x0000027ac7e19a60 Exception <a 'java/lang/NoSuchMethodError'{0x000000008ace6c30}: 'double java.lang.invoke.DirectMethodHandle$Holder.invokeStaticInit(java.lang.Object, double)'> (0x000000008ace6c30) 
thrown [s\open\src\hotspot\share\interpreter\linkResolver.cpp, line 805]
Event: 72087.699 Thread 0x0000027ac7e19a60 Exception <a 'java/lang/NoSuchMethodError'{0x000000008ab59260}: 'int java.lang.invoke.DirectMethodHandle$Holder.invokeStaticInit(java.lang.Object, double)'> (0x000000008ab59260) 
thrown [s\open\src\hotspot\share\interpreter\linkResolver.cpp, line 805]
Event: 72087.701 Thread 0x0000027ac7e19a60 Exception <a 'java/lang/NoSuchMethodError'{0x000000008ab94a40}: 'java.lang.Object java.lang.invoke.DirectMethodHandle$Holder.invokeStaticInit(java.lang.Object, double, double)'> (0x000000008ab94a40) 
thrown [s\open\src\hotspot\share\interpreter\linkResolver.cpp, line 805]
Event: 72087.702 Thread 0x0000027ac7e19a60 Exception <a 'java/lang/NoSuchMethodError'{0x000000008abb41f0}: 'double java.lang.invoke.DirectMethodHandle$Holder.invokeStaticInit(java.lang.Object, double, double)'> (0x000000008abb41f0) 
thrown [s\open\src\hotspot\share\interpreter\linkResolver.cpp, line 805]
Event: 72087.755 Thread 0x0000027ac7e19a60 Exception <a 'java/lang/NoSuchMethodError'{0x000000008a815f80}: 'java.lang.Object java.lang.invoke.DirectMethodHandle$Holder.newInvokeSpecial(java.lang.Object, java.lang.Object, int, int, int, java.lang.Object)'> (0x000000008a815f80) 
thrown [s\open\src\hotspot\share\interpreter\linkResolver.cpp, line 805]
Event: 72206.870 Thread 0x0000027ac7e16e80 Exception <a 'java/lang/NoSuchMethodError'{0x00000000905dc580}: 'int java.lang.invoke.DirectMethodHandle$Holder.invokeStatic(java.lang.Object, java.lang.Object, int, int)'> (0x00000000905dc580) 
thrown [s\open\src\hotspot\share\interpreter\linkResolver.cpp, line 805]
Event: 72207.685 Thread 0x0000027ac7e16e80 Exception <a 'java/lang/NoSuchMethodError'{0x0000000090f307e8}: 'java.lang.Object java.lang.invoke.Invokers$Holder.linkToTargetMethod(java.lang.Object, int, java.lang.Object, java.lang.Object, java.lang.Object, java.lang.Object)'> (0x0000000090f307e8) 
thrown [s\open\src\hotspot\share\interpreter\linkResolver.cpp, line 805]
Event: 72207.686 Thread 0x0000027ac7e16e80 Exception <a 'java/lang/NoSuchMethodError'{0x0000000090f4a630}: 'int java.lang.invoke.DirectMethodHandle$Holder.invokeStatic(java.lang.Object, java.lang.Object, int, java.lang.Object)'> (0x0000000090f4a630) 
thrown [s\open\src\hotspot\share\interpreter\linkResolver.cpp, line 805]
Event: 72207.689 Thread 0x0000027ac7e16e80 Exception <a 'java/lang/NoSuchMethodError'{0x0000000090f74680}: 'void java.lang.invoke.DirectMethodHandle$Holder.invokeStatic(java.lang.Object, int, java.lang.Object, java.lang.Object, java.lang.Object, java.lang.Object)'> (0x0000000090f74680) 
thrown [s\open\src\hotspot\share\interpreter\linkResolver.cpp, line 805]

VM Operations (20 events):
Event: 72979.428 Executing VM operation: G1CollectForAllocation (G1 Evacuation Pause) done
Event: 72979.643 Executing VM operation: G1CollectForAllocation (G1 Evacuation Pause)
Event: 72979.667 Executing VM operation: G1CollectForAllocation (G1 Evacuation Pause) done
Event: 72979.819 Executing VM operation: G1CollectForAllocation (G1 Evacuation Pause)
Event: 72979.834 Executing VM operation: G1CollectForAllocation (G1 Evacuation Pause) done
Event: 72979.878 Executing VM operation: G1PauseRemark
Event: 72980.000 Executing VM operation: G1PauseRemark done
Event: 72980.044 Executing VM operation: G1PauseCleanup
Event: 72980.044 Executing VM operation: G1PauseCleanup done
Event: 72980.084 Executing VM operation: G1CollectForAllocation (G1 Evacuation Pause)
Event: 72980.097 Executing VM operation: G1CollectForAllocation (G1 Evacuation Pause) done
Event: 72980.316 Executing VM operation: G1CollectForAllocation (G1 Evacuation Pause)
Event: 72980.339 Executing VM operation: G1CollectForAllocation (G1 Evacuation Pause) done
Event: 72980.820 Executing VM operation: G1CollectForAllocation (G1 Evacuation Pause)
Event: 72980.866 Executing VM operation: G1CollectForAllocation (G1 Evacuation Pause) done
Event: 72980.963 Executing VM operation: G1CollectForAllocation (G1 Evacuation Pause)
Event: 72980.994 Executing VM operation: G1CollectForAllocation (G1 Evacuation Pause) done
Event: 72981.138 Executing VM operation: G1CollectForAllocation (G1 Evacuation Pause)
Event: 72981.159 Executing VM operation: G1CollectForAllocation (G1 Evacuation Pause) done
Event: 72981.535 Executing VM operation: G1CollectForAllocation (G1 Evacuation Pause)

Memory protections (0 events):
No events

Nmethod flushes (20 events):
Event: 72980.000 Thread 0x0000027af87ff2e0 flushing  nmethod 0x0000027af0765688
Event: 72980.000 Thread 0x0000027af87ff2e0 flushing  nmethod 0x0000027af0765d08
Event: 72980.000 Thread 0x0000027af87ff2e0 flushing  nmethod 0x0000027af0816308
Event: 72980.000 Thread 0x0000027af87ff2e0 flushing  nmethod 0x0000027af0816908
Event: 72980.000 Thread 0x0000027af87ff2e0 flushing  nmethod 0x0000027af08cdc08
Event: 72980.000 Thread 0x0000027af87ff2e0 flushing  nmethod 0x0000027af0941c88
Event: 72980.000 Thread 0x0000027af87ff2e0 flushing  nmethod 0x0000027af0d11a88
Event: 72980.000 Thread 0x0000027af87ff2e0 flushing  nmethod 0x0000027af0d11d88
Event: 72980.000 Thread 0x0000027af87ff2e0 flushing  nmethod 0x0000027af0db6908
Event: 72980.000 Thread 0x0000027af87ff2e0 flushing  nmethod 0x0000027aefebb488
Event: 72980.000 Thread 0x0000027af87ff2e0 flushing  nmethod 0x0000027aefebc008
Event: 72980.000 Thread 0x0000027af87ff2e0 flushing  nmethod 0x0000027af003f708
Event: 72980.000 Thread 0x0000027af87ff2e0 flushing  nmethod 0x0000027af0438808
Event: 72980.000 Thread 0x0000027af87ff2e0 flushing  nmethod 0x0000027af051b388
Event: 72980.000 Thread 0x0000027af87ff2e0 flushing  nmethod 0x0000027af056aa88
Event: 72980.000 Thread 0x0000027af87ff2e0 flushing  nmethod 0x0000027af05cb808
Event: 72980.000 Thread 0x0000027af87ff2e0 flushing  nmethod 0x0000027af05d1008
Event: 72980.000 Thread 0x0000027af87ff2e0 flushing  nmethod 0x0000027af0756c08
Event: 72980.000 Thread 0x0000027af87ff2e0 flushing  nmethod 0x0000027af07a7888
Event: 72980.000 Thread 0x0000027af87ff2e0 flushing  nmethod 0x0000027af0b47088

Events (20 events):
Event: 72784.467 Thread 0x0000027acd293730 Thread exited: 0x0000027acd293730
Event: 72789.480 Thread 0x0000027acd292fa0 Thread exited: 0x0000027acd292fa0
Event: 72833.912 Thread 0x0000027af882cc80 Thread added: 0x0000027acd292810
Event: 72833.914 Thread 0x0000027af882cc80 Thread added: 0x0000027acd293730
Event: 72833.926 Thread 0x0000027acd292810 Thread added: 0x0000027acd28fab0
Event: 72834.718 Thread 0x0000027acd28fab0 Thread exited: 0x0000027acd28fab0
Event: 72834.718 Thread 0x0000027acd293730 Thread exited: 0x0000027acd293730
Event: 72839.724 Thread 0x0000027acd292810 Thread exited: 0x0000027acd292810
Event: 72856.508 Thread 0x0000027af882cc80 Thread added: 0x0000027acd28e400
Event: 72856.905 Thread 0x0000027ac7e15890 Thread added: 0x0000027ac7503080
Event: 72857.738 Thread 0x0000027acd28e400 Thread added: 0x0000027acd2909d0
Event: 72859.582 Thread 0x0000027acd2909d0 Thread exited: 0x0000027acd2909d0
Event: 72862.682 Thread 0x0000027ac7503080 Thread exited: 0x0000027ac7503080
Event: 72864.587 Thread 0x0000027acd28e400 Thread exited: 0x0000027acd28e400
Event: 72876.046 Thread 0x0000027af882cc80 Thread added: 0x0000027acd28dc70
Event: 72876.060 Thread 0x0000027ac7e19310 Thread added: 0x0000027ac7503080
Event: 72885.581 Thread 0x0000027ac7503080 Thread exited: 0x0000027ac7503080
Event: 72890.614 Thread 0x0000027acd28dc70 Thread exited: 0x0000027acd28dc70
Event: 72978.357 Thread 0x0000027af882cc80 Thread added: 0x0000027acd28fab0
Event: 72978.407 Thread 0x0000027af882cc80 Thread added: 0x0000027acd28e400


Dynamic libraries:
0x00007ff611270000 - 0x00007ff611280000 	C:\Program Files\Java\jdk-24\bin\java.exe
0x00007ffbd7470000 - 0x00007ffbd7687000 	C:\WINDOWS\SYSTEM32\ntdll.dll
0x00007ffbd5a70000 - 0x00007ffbd5b34000 	C:\WINDOWS\System32\KERNEL32.DLL
0x00007ffbd4b10000 - 0x00007ffbd4ee3000 	C:\WINDOWS\System32\KERNELBASE.dll
0x00007ffbd4530000 - 0x00007ffbd4641000 	C:\WINDOWS\System32\ucrtbase.dll
0x00007ffbbda70000 - 0x00007ffbbda8b000 	C:\Program Files\Java\jdk-24\bin\VCRUNTIME140.dll
0x00007ffbbda90000 - 0x00007ffbbdaa6000 	C:\Program Files\Java\jdk-24\bin\jli.dll
0x00007ffbd6170000 - 0x00007ffbd6321000 	C:\WINDOWS\System32\USER32.dll
0x00007ffbd4f70000 - 0x00007ffbd4f96000 	C:\WINDOWS\System32\win32u.dll
0x00007ffbd73d0000 - 0x00007ffbd73f9000 	C:\WINDOWS\System32\GDI32.dll
0x00007ffbc5150000 - 0x00007ffbc53eb000 	C:\WINDOWS\WinSxS\amd64_microsoft.windows.common-controls_6595b64144ccf1df_6.0.22621.5262_none_2712bde373830908\COMCTL32.dll
0x00007ffbd4fa0000 - 0x00007ffbd50c2000 	C:\WINDOWS\System32\gdi32full.dll
0x00007ffbd5790000 - 0x00007ffbd5837000 	C:\WINDOWS\System32\msvcrt.dll
0x00007ffbd4840000 - 0x00007ffbd48da000 	C:\WINDOWS\System32\msvcp_win.dll
0x00007ffbd59b0000 - 0x00007ffbd59e1000 	C:\WINDOWS\System32\IMM32.DLL
0x00007ffbd00f0000 - 0x00007ffbd00fc000 	C:\Program Files\Java\jdk-24\bin\vcruntime140_1.dll
0x00007ffbbccf0000 - 0x00007ffbbcd7e000 	C:\Program Files\Java\jdk-24\bin\msvcp140.dll
0x00007ffb467a0000 - 0x00007ffb47542000 	C:\Program Files\Java\jdk-24\bin\server\jvm.dll
0x00007ffbd60b0000 - 0x00007ffbd6161000 	C:\WINDOWS\System32\ADVAPI32.dll
0x00007ffbd6960000 - 0x00007ffbd6a07000 	C:\WINDOWS\System32\sechost.dll
0x00007ffbd4650000 - 0x00007ffbd4678000 	C:\WINDOWS\System32\bcrypt.dll
0x00007ffbd5840000 - 0x00007ffbd5954000 	C:\WINDOWS\System32\RPCRT4.dll
0x00007ffbd59f0000 - 0x00007ffbd5a61000 	C:\WINDOWS\System32\WS2_32.dll
0x00007ffbd4250000 - 0x00007ffbd429d000 	C:\WINDOWS\SYSTEM32\POWRPROF.dll
0x00007ffbcf7c0000 - 0x00007ffbcf7f4000 	C:\WINDOWS\SYSTEM32\WINMM.dll
0x00007ffbcf550000 - 0x00007ffbcf55a000 	C:\WINDOWS\SYSTEM32\VERSION.dll
0x00007ffbd4230000 - 0x00007ffbd4243000 	C:\WINDOWS\SYSTEM32\UMPDC.dll
0x00007ffbd3530000 - 0x00007ffbd3548000 	C:\WINDOWS\SYSTEM32\kernel.appcore.dll
0x00007ffbbecb0000 - 0x00007ffbbecba000 	C:\Program Files\Java\jdk-24\bin\jimage.dll
0x00007ffbd14d0000 - 0x00007ffbd1702000 	C:\WINDOWS\SYSTEM32\DBGHELP.DLL
0x00007ffbd5340000 - 0x00007ffbd56d3000 	C:\WINDOWS\System32\combase.dll
0x00007ffbd5fd0000 - 0x00007ffbd60a7000 	C:\WINDOWS\System32\OLEAUT32.dll
0x00007ffbbed50000 - 0x00007ffbbed82000 	C:\WINDOWS\SYSTEM32\dbgcore.DLL
0x00007ffbd4ef0000 - 0x00007ffbd4f6b000 	C:\WINDOWS\System32\bcryptPrimitives.dll
0x00007ffbbd9f0000 - 0x00007ffbbda0e000 	C:\Program Files\Java\jdk-24\bin\java.dll
0x00007ffbd6330000 - 0x00007ffbd64d1000 	C:\WINDOWS\System32\ole32.dll
0x00007ffbd6b30000 - 0x00007ffbd73cd000 	C:\WINDOWS\System32\SHELL32.dll
0x00007ffbd4700000 - 0x00007ffbd483f000 	C:\WINDOWS\System32\wintypes.dll
0x00007ffbd2420000 - 0x00007ffbd2d3d000 	C:\WINDOWS\SYSTEM32\windows.storage.dll
0x00007ffbd5230000 - 0x00007ffbd533b000 	C:\WINDOWS\System32\SHCORE.dll
0x00007ffbd5f10000 - 0x00007ffbd5f76000 	C:\WINDOWS\System32\shlwapi.dll
0x00007ffbd4460000 - 0x00007ffbd448b000 	C:\WINDOWS\SYSTEM32\profapi.dll
0x00007ffbbda60000 - 0x00007ffbbda70000 	C:\Program Files\Java\jdk-24\bin\net.dll
0x00007ffbd39a0000 - 0x00007ffbd3a0a000 	C:\WINDOWS\system32\mswsock.dll
0x00007ffbbd350000 - 0x00007ffbbd366000 	C:\Program Files\Java\jdk-24\bin\nio.dll
0x00007ffbbcbf0000 - 0x00007ffbbcc07000 	C:\Program Files\Java\jdk-24\bin\zip.dll
0x00007ffbbd340000 - 0x00007ffbbd350000 	C:\Program Files\Java\jdk-24\bin\verify.dll
0x00007ffbbcce0000 - 0x00007ffbbccea000 	C:\Program Files\Java\jdk-24\bin\management.dll
0x00007ffbbcbe0000 - 0x00007ffbbcbeb000 	C:\Program Files\Java\jdk-24\bin\management_ext.dll
0x00007ffbd56e0000 - 0x00007ffbd56e8000 	C:\WINDOWS\System32\PSAPI.DLL
0x00007ffbbcbd0000 - 0x00007ffbbcbde000 	C:\Program Files\Java\jdk-24\bin\sunmscapi.dll
0x00007ffbd48e0000 - 0x00007ffbd4a47000 	C:\WINDOWS\System32\CRYPT32.dll
0x00007ffbd3e70000 - 0x00007ffbd3e9d000 	C:\WINDOWS\SYSTEM32\ncrypt.dll
0x00007ffbd3dc0000 - 0x00007ffbd3df7000 	C:\WINDOWS\SYSTEM32\NTASN1.dll
0x00007ffbd3cf0000 - 0x00007ffbd3d0b000 	C:\WINDOWS\SYSTEM32\CRYPTSP.dll
0x00007ffbd3490000 - 0x00007ffbd34c7000 	C:\WINDOWS\system32\rsaenh.dll
0x00007ffbd3a40000 - 0x00007ffbd3a68000 	C:\WINDOWS\SYSTEM32\USERENV.dll
0x00007ffbd3cd0000 - 0x00007ffbd3cdc000 	C:\WINDOWS\SYSTEM32\CRYPTBASE.dll
0x00007ffbd2fa0000 - 0x00007ffbd2fcd000 	C:\WINDOWS\SYSTEM32\IPHLPAPI.DLL
0x00007ffbd5f00000 - 0x00007ffbd5f09000 	C:\WINDOWS\System32\NSI.dll
0x00007ffbd3010000 - 0x00007ffbd3108000 	C:\WINDOWS\SYSTEM32\DNSAPI.dll
0x00007ffbcf540000 - 0x00007ffbcf54a000 	C:\Windows\System32\rasadhlp.dll
0x00007ffbcf280000 - 0x00007ffbcf303000 	C:\WINDOWS\System32\fwpuclnt.dll
0x00007ffb9c4b0000 - 0x00007ffb9c4b8000 	C:\WINDOWS\system32\wshunix.dll
0x00007ffbbcb10000 - 0x00007ffbbcb19000 	C:\Program Files\Java\jdk-24\bin\extnet.dll
0x00007ffbd0330000 - 0x00007ffbd0347000 	C:\WINDOWS\system32\napinsp.dll
0x00007ffbd0310000 - 0x00007ffbd032b000 	C:\WINDOWS\system32\pnrpnsp.dll
0x00007ffbd02f0000 - 0x00007ffbd0301000 	C:\WINDOWS\System32\winrnr.dll
0x00007ffb99810000 - 0x00007ffb9982f000 	C:\WINDOWS\system32\wshbth.dll
0x00007ffb79a20000 - 0x00007ffb79a41000 	C:\WINDOWS\system32\nlansp_c.dll

JVMTI agents: none

dbghelp: loaded successfully - version: 4.0.5 - missing functions: none
symbol engine: initialized successfully - sym options: 0x614 - pdb path: .;C:\Program Files\Java\jdk-24\bin;C:\WINDOWS\SYSTEM32;C:\WINDOWS\WinSxS\amd64_microsoft.windows.common-controls_6595b64144ccf1df_6.0.22621.5262_none_2712bde373830908;C:\Program Files\Java\jdk-24\bin\server

VM Arguments:
jvm_args: -XX:TieredStopAtLevel=1 
java_command: com.prjt2cs.project.ForageApplication
java_class_path (initial): C:\Users\21355\OneDrive\Documents\Back\ForagePrject_backend\target\classes;C:\Users\21355\.m2\repository\com\oracle\database\jdbc\ojdbc11\23.2.0.0\ojdbc11-23.2.0.0.jar;C:\Users\21355\.m2\repository\javax\persistence\javax.persistence-api\2.2\javax.persistence-api-2.2.jar;C:\Users\21355\.m2\repository\ch\qos\logback\logback-classic\1.5.18\logback-classic-1.5.18.jar;C:\Users\21355\.m2\repository\ch\qos\logback\logback-core\1.5.18\logback-core-1.5.18.jar;C:\Users\21355\.m2\repository\org\apache\logging\log4j\log4j-to-slf4j\2.24.3\log4j-to-slf4j-2.24.3.jar;C:\Users\21355\.m2\repository\org\slf4j\jul-to-slf4j\2.0.17\jul-to-slf4j-2.0.17.jar;C:\Users\21355\.m2\repository\jakarta\annotation\jakarta.annotation-api\2.1.1\jakarta.annotation-api-2.1.1.jar;C:\Users\21355\.m2\repository\org\yaml\snakeyaml\2.3\snakeyaml-2.3.jar;C:\Users\21355\.m2\repository\com\zaxxer\HikariCP\5.1.0\HikariCP-5.1.0.jar;C:\Users\21355\.m2\repository\org\springframework\spring-jdbc\6.2.6\spring-jdbc-6.2.6.jar;C:\Users\21355\.m2\repository\org\springframework\data\spring-data-jpa\3.4.5\spring-data-jpa-3.4.5.jar;C:\Users\21355\.m2\repository\org\springframework\data\spring-data-commons\3.4.5\spring-data-commons-3.4.5.jar;C:\Users\21355\.m2\repository\org\springframework\spring-orm\6.2.6\spring-orm-6.2.6.jar;C:\Users\21355\.m2\repository\org\springframework\spring-context\6.2.6\spring-context-6.2.6.jar;C:\Users\21355\.m2\repository\org\springframework\spring-aop\6.2.6\spring-aop-6.2.6.jar;C:\Users\21355\.m2\repository\org\springframework\spring-tx\6.2.6\spring-tx-6.2.6.jar;C:\Users\21355\.m2\repository\org\springframework\spring-beans\6.2.6\spring-beans-6.2.6.jar;C:\Users\21355\.m2\repository\org\slf4j\slf4j-api\2.0.17\slf4j-api-2.0.17.jar;C:\Users\21355\.m2\repository\org\springframework\spring-aspects\6.2.6\spring-aspects-6.2.6.jar;C:\Users\21355\.m2\repository\org\aspectj\aspectjweaver\1.9.24\aspectjweaver-1.9.24.jar;C:\Users\21355\.m2\repository\org\hibernate\orm\hibernate-core\6.4.4.Final\hibernate-core-6.4.4.Final.jar;C:\Users\21355\.m2\repository\jakarta\persistence\jakarta.persistence-api\3.1.0\jakarta.persistence-api-3.1.0.jar;C:\Users\21355\.m2\repository\jakarta\transaction\jakarta.transaction-api\2.0.1\jakarta.transaction-api-2.0.1.jar;C:\Users\21355\.m2\repository\org\jboss\logging\jboss-logging\3.6.1.Final\jboss-logging-3.6.1.Final.jar;C:\Users\21355\.m2\repository\org\hibernate\common\hibernate-commons-annotations\6.0.6.Final\hibernate-commons-annotations-6.0.6.Final.jar;C:\Users\21355\.m2\repository\io\smallrye\jandex\3.1.2\jandex-3.1.2.jar;C:\Users\21355\.m2\repository\com\fasterxml\classmate\1.7.0\classmate-1.7.0.jar;C:\Users\21355\.m2\repository\net\bytebuddy\byte-buddy\1.15.11\byte-buddy-1.15.11.jar;C:\Users\21355\.m2\repository\jakarta\xml\bind\jakarta.xml.bind-api\4.0.2\jakarta.xml.bind-api-4.0.2.jar;C:\Users\21355\.m2\repository\jakarta\activation\jakarta.activation-api\2.1.3\jakarta.activation-api-2.1.3.jar;C:\Users\21355\.m2\repository\org\glassfish\jaxb\jaxb-runtime\4.0.5\jaxb-runtime-4.0.5.jar;C:\Users\21355\.m2\repository\org\glassfish\jaxb\jaxb-core\4.0.5\jaxb-core-4.0.5.jar;C:\Users\21355\.m2\repository\org\eclipse\angus\angus-activation\2.0.2\angus-activation-2.0.2.jar;C:\Users\21355\.m2\repository\org\glassfish\jaxb\txw2\4.0.5\txw2-4.0.5.jar;C:\Users\21355\.m2\repository\com\sun\istack\istack-commons-runtime\4.1.2\istack-commons-runtime-4.1.2.jar;C:\Users\21355\.m2\repository\jakarta\inject\jakarta.inject-api\2.0.1\jakarta.inject-api-2.0.1.jar;C:\Users\21355\.m2\repository\org\antlr\antlr4-runtime\4.13.0\antlr4-runtime-4.13.0.jar;C:\Users\21355\.m2\repository\com\oracle\database\jdbc\ojdbc8\19.3.0.0\ojdbc8-19.3.0.0.jar;C:\Users\21355\.m2\repository\com\oracle\database\jdbc\ucp\23.5.0.24.07\ucp-23.5.0.24.07.jar;C:\Users\21355\.m2\repository\com\oracle\database\security\oraclepki\23.5.0.24.07\oraclepki-23.5.0.24.07.jar;C:\Users\21355\.m2\repository\com\oracle\database\security\osdt_cert\19.3.0.0\osdt_cert-19.3.0.0.jar;C:\Users\21355\.m2\repository\com\oracle\database\security\osdt_core\19.3.0.0\osdt_core-19.3.0.0.jar;C:\Users\21355\.m2\repository\com\oracle\database\ha\simplefan\23.5.0.24.07\simplefan-23.5.0.24.07.jar;C:\Users\21355\.m2\repository\com\oracle\database\ha\ons\23.5.0.24.07\ons-23.5.0.24.07.jar;C:\Users\21355\.m2\repository\org\springframework\boot\spring-boot-actuator-autoconfigure\3.4.5\spring-boot-actuator-autoconfigure-3.4.5.jar;C:\Users\21355\.m2\repository\org\springframework\boot\spring-boot-actuator\3.4.5\spring-boot-actuator-3.4.5.jar;C:\Users\21355\.m2\repository\com\fasterxml\jackson\core\jackson-databind\2.18.3\jackson-databind-2.18.3.jar;C:\Users\21355\.m2\repository\com\fasterxml\jackson\core\jackson-annotations\2.18.3\jackson-annotations-2.18.3.jar;C:\Users\21355\.m2\repository\com\fasterxml\jackson\core\jackson-core\2.18.3\jackson-core-2.18.3.jar;C:\Users\21355\.m2\repository\com\fasterxml\jackson\datatype\jackson-datatype-jsr310\2.18.3\jackson-datatype-jsr310-2.18.3.jar;C:\Users\21355\.m2\repository\io\micrometer\micrometer-observation\1.14.6\micrometer-observation-1.14.6.jar;C:\Users\21355\.m2\repository\io\micrometer\micrometer-commons\1.14.6\micrometer-commons-1.14.6.jar;C:\Users\21355\.m2\repository\io\micrometer\micrometer-jakarta9\1.14.6\micrometer-jakarta9-1.14.6.jar;C:\Users\21355\.m2\repository\io\micrometer\micrometer-core\1.14.6\micrometer-core-1.14.6.jar;C:\Users\21355\.m2\repository\org\hdrhistogram\HdrHistogram\2.2.2\HdrHistogram-2.2.2.jar;C:\Users\21355\.m2\repository\org\latencyutils\LatencyUtils\2.0.3\LatencyUtils-2.0.3.jar;C:\Users\21355\.m2\repository\org\apache\pdfbox\pdfbox\2.0.29\pdfbox-2.0.29.jar;C:\Users\21355\.m2\repository\org\apache\pdfbox\fontbox\2.0.29\fontbox-2.0.29.jar;C:\Users\21355\.m2\repository\commons-logging\commons-logging\1.2\commons-logging-1.2.jar;C:\Users\21355\.m2\repository\com\fasterxml\jackson\datatype\jackson-datatype-jdk8\2.18.3\jackson-datatype-jdk8-2.18.3.jar;C:\Users\21355\.m2\repository\com\fasterxml\jackson\module\jackson-module-parameter-names\2.18.3\jackson-module-parameter-names-2.18.3.jar;C:\Users\21355\.m2\repository\org\apache\tomcat\embed\tomcat-embed-core\10.1.40\tomcat-embed-core-10.1.40.jar;C:\Users\21355\.m2\repository\org\apache\tomcat\embed\tomcat-embed-el\10.1.40\tomcat-embed-el-10.1.40.jar;C:\Users\21355\.m2\repository\org\apache\tomcat\embed\tomcat-embed-websocket\10.1.40\tomcat-embed-websocket-10.1.40.jar;C:\Users\21355\.m2\repository\org\springframework\spring-web\6.2.6\spring-web-6.2.6.jar;C:\Users\21355\.m2\repository\org\springframework\spring-webmvc\6.2.6\spring-webmvc-6.2.6.jar;C:\Users\21355\.m2\repository\org\springframework\spring-expression\6.2.6\spring-expression-6.2.6.jar;C:\Users\21355\.m2\repository\org\springframework\spring-core\6.2.6\spring-core-6.2.6.jar;C:\Users\21355\.m2\repository\org\springframework\spring-jcl\6.2.6\spring-jcl-6.2.6.jar;C:\Users\21355\.m2\repository\org\apache\poi\poi-ooxml\5.2.3\poi-ooxml-5.2.3.jar;C:\Users\21355\.m2\repository\org\apache\poi\poi\5.2.3\poi-5.2.3.jar;C:\Users\21355\.m2\repository\commons-codec\commons-codec\1.17.2\commons-codec-1.17.2.jar;C:\Users\21355\.m2\repository\org\apache\commons\commons-math3\3.6.1\commons-math3-3.6.1.jar;C:\Users\21355\.m2\repository\com\zaxxer\SparseBitSet\1.2\SparseBitSet-1.2.jar;C:\Users\21355\.m2\repository\org\apache\poi\poi-ooxml-lite\5.2.3\poi-ooxml-lite-5.2.3.jar;C:\Users\21355\.m2\repository\org\apache\xmlbeans\xmlbeans\5.1.1\xmlbeans-5.1.1.jar;C:\Users\21355\.m2\repository\org\apache\commons\commons-compress\1.21\commons-compress-1.21.jar;C:\Users\21355\.m2\repository\commons-io\commons-io\2.11.0\commons-io-2.11.0.jar;C:\Users\21355\.m2\repository\com\github\virtuald\curvesapi\1.07\curvesapi-1.07.jar;C:\Users\21355\.m2\repository\org\apache\logging\log4j\log4j-api\2.24.3\log4j-api-2.24.3.jar;C:\Users\21355\.m2\repository\org\apache\commons\commons-collections4\4.4\commons-collections4-4.4.jar;C:\Users\21355\.m2\repository\org\springframework\boot\spring-boot-devtools\3.4.5\spring-boot-devtools-3.4.5.jar;C:\Users\21355\.m2\repository\org\springframework\boot\spring-boot\3.4.5\spring-boot-3.4.5.jar;C:\Users\21355\.m2\repository\org\springframework\boot\spring-boot-autoconfigure\3.4.5\spring-boot-autoconfigure-3.4.5.jar;C:\Users\21355\.m2\repository\com\airhacks\sheetfit\0.0.2\sheetfit-0.0.2.jar
Launcher Type: SUN_STANDARD

[Global flags]
     intx CICompilerCount                          = 4                                         {product} {ergonomic}
     uint ConcGCThreads                            = 2                                         {product} {ergonomic}
     uint G1ConcRefinementThreads                  = 8                                         {product} {ergonomic}
   size_t G1HeapRegionSize                         = 1048576                                   {product} {ergonomic}
   size_t InitialHeapSize                          = 132120576                                 {product} {ergonomic}
   size_t MarkStackSize                            = 4194304                                   {product} {ergonomic}
   size_t MarkStackSizeMax                         = 536870912                                 {product} {ergonomic}
   size_t MaxHeapSize                              = 2082471936                                {product} {ergonomic}
   size_t MaxNewSize                               = 1248854016                                {product} {ergonomic}
   size_t MinHeapDeltaBytes                        = 1048576                                   {product} {ergonomic}
   size_t MinHeapSize                              = 8388608                                   {product} {ergonomic}
    uintx NonNMethodCodeHeapSize                   = 4096                                   {pd product} {ergonomic}
    uintx NonProfiledCodeHeapSize                  = 0                                      {pd product} {ergonomic}
     bool ProfileInterpreter                       = false                                  {pd product} {command line}
    uintx ProfiledCodeHeapSize                     = 0                                      {pd product} {ergonomic}
   size_t SoftMaxHeapSize                          = 2082471936                             {manageable} {ergonomic}
     intx TieredStopAtLevel                        = 1                                         {product} {command line}
     bool UseCompressedOops                        = true                           {product lp64_product} {ergonomic}
     bool UseG1GC                                  = true                                      {product} {ergonomic}
     bool UseLargePagesIndividualAllocation        = false                                  {pd product} {ergonomic}

Logging:
Log output configuration:
 #0: stdout all=warning uptime,level,tags foldmultilines=false
 #1: stderr all=off uptime,level,tags foldmultilines=false

Environment Variables:
JAVA_HOME=C:\Program Files\Java\jdk-24
PATH=C:\Program Files\Common Files\Oracle\Java\javapath;C:\Program Files\Python313\Scripts\;C:\Program Files\Python313\;C:\Program Files (x86)\Common Files\Oracle\Java\java8path;C:\Program Files (x86)\Common Files\Oracle\Java\javapath;C:\oraclexe\app\oracle\product\11.2.0\server\bin;C:\Program Files (x86)\Common Files\Intel\Shared Libraries\redist\intel64\compiler;C:\WINDOWS\system32;C:\WINDOWS;C:\WINDOWS\System32\Wbem;C:\WINDOWS\System32\WindowsPowerShell\v1.0\;C:\WINDOWS\System32\OpenSSH\;C:\Program Files\dotnet\;C:\Program Files (x86)\dotnet\;C:\Program Files (x86)\Windows Kits\10\Windows Performance Toolkit\;C:\Users\21355\Downloads\platform-tools_r35.0.0-windows\platform-tools;C:\Program Files (x86)\Git\cmd;C:\Program Files (x86)\PuTTY\;C:\Windows\System32;C:\Program Files\Java\jdk-24\bin;C:\Users\21355\Downloads\kotlin-compiler-2.1.0\kotlinc\bin;C:\Program Files (x86)\BaseX\bin;C:\Program Files\nodejs\;C:\ProgramData\chocolatey\bin;C:\Program Files\Java\jdk-24\bin;C:\Program Files\Docker\Docker\resources\bin;C:\Users\21355\AppData\Local\Programs\Python\Python312\Scripts\;C:\Users\21355\AppData\Local\Programs\Python\Python312\;C:\Users\21355\AppData\Local\Programs\Python\Launcher\;C:\Users\21355\AppData\Local\Microsoft\WindowsApps;C:\Microsoft VS Code\bin;C:\Users\21355\Downloads\flutter_windows_3.7.5-stable\flutter\bin;C:\src\flutter\bin;C:\Program Files\nodejs\;C:\flutter\bin;C:\Program Files\JetBrains\IntelliJ IDEA 2024.2.3\bin;;C:\Users\21355\AppData\Local\Muse Hub\lib;C:\Users\21355\Downloads\kotlin-compiler-2.1.0\kotlinc\bin;C:\Users\21355\AppData\Roaming\npm;C:\Users\21355\Downloads\apache-maven-3.9.6-bin\apache-maven-3.9.6\bin;C:\Users\21355\Downloads\apache-maven-3.9.10-bin\apache-maven-3.9.10\bin;;c:\Users\21355\AppData\Roaming\Code\User\globalStorage\github.copilot-chat\debugCommand
USERNAME=21355
LANG=en_US.UTF-8
OS=Windows_NT
PROCESSOR_IDENTIFIER=Intel64 Family 6 Model 140 Stepping 1, GenuineIntel
TMP=C:\Users\21355\AppData\Local\Temp
TEMP=C:\Users\21355\AppData\Local\Temp




Periodic native trim disabled

---------------  S Y S T E M  ---------------

OS:
 Windows 11 , 64 bit Build 22621 (10.0.22621.5262)
OS uptime: 0 days 21:01 hours
Hyper-V role detected

CPU: total 8 (initial active 8) (4 cores per cpu, 2 threads per core) family 6 model 140 stepping 1 microcode 0xbc, cx8, cmov, fxsr, ht, mmx, 3dnowpref, sse, sse2, sse3, ssse3, sse4.1, sse4.2, popcnt, lzcnt, tsc, tscinvbit, avx, avx2, aes, erms, clmul, bmi1, bmi2, adx, avx512f, avx512dq, avx512cd, avx512bw, avx512vl, sha, fma, vzeroupper, avx512_vpopcntdq, avx512_vpclmulqdq, avx512_vaes, avx512_vnni, clflush, clflushopt, clwb, avx512_vbmi2, avx512_vbmi, hv, rdtscp, rdpid, fsrm, gfni, avx512_bitalg, f16c, cet_ibt, cet_ss, avx512_ifma
Processor Information for the first 8 processors :
  Max Mhz: 1690, Current Mhz: 1690, Mhz Limit: 1690

Memory: 4k page, system-wide physical 7937M (211M free)
TotalPageFile size 24390M (AvailPageFile size 5M)
current process WorkingSet (physical memory assigned to process): 500M, peak: 512M
current process commit charge ("private bytes"): 779M, peak: 1071M

vm_info: Java HotSpot(TM) 64-Bit Server VM (24.0.1+9-30) for windows-amd64 JRE (24.0.1+9-30), built on 2025-03-05T07:23:45Z with MS VC++ 17.6 (VS2022)

END.
